date,regime,weights_mode,q_noise,r_noise,factor_w_value,subfactor_w_ev_ebitda,subfactor_w_fcf_yield,subfactor_w_earnings_yield,subfactor_w_ev_ebit,subfactor_w_book_to_price,factor_w_quality,subfactor_w_roic,subfactor_w_net_debt_ebitda,subfactor_w_gross_margin,subfactor_w_gp_over_assets,subfactor_w_accruals,subfactor_w_piotroski_f_score,subfactor_w_rd_intensity,factor_w_growth,subfactor_w_rev_growth_ttm,subfactor_w_eps_growth_fy1,subfactor_w_rev_growth_ntm,factor_w_momentum,subfactor_w_return_12m_ex1,subfactor_w_return_6m,subfactor_w_return_12m,subfactor_w_high52w_proximity,factor_w_revisions,subfactor_w_eps_revision_1m,factor_w_prof_momentum,subfactor_w_delta_roic,subfactor_w_delta_gross_margin,subfactor_w_delta_oper_margin,factor_w_lowvol,subfactor_w_market_beta_756d,subfactor_w_idiosyncratic_vol_63d,alpha,warmup_months,decision_at,effective_from
2014-01-30,NORMAL,dynamic,0.0,0.01,0.2,0.04000000000000001,0.04000000000000001,0.04000000000000001,0.04000000000000001,0.04000000000000001,0.2,0.028560000000000002,0.028560000000000002,0.028560000000000002,0.02858,0.02858,0.02858,0.02858,0.15,0.06,0.06,0.03,0.2,0.05,0.05,0.05,0.05,0.1,0.1,0.15,0.075,0.045,0.03,0.0,0.0,0.0,,,,
2014-02-28,CALM,dynamic,0.0057034457361729,0.0621720060796101,0.5475712942215836,0.35,0.0,0.0,0.0,0.1975712942215836,0.35000000000000003,3.830268038425943e-17,0.0,0.0,6.992623551840605e-18,0.35,0.0,0.0,2.1938950782221648e-17,2.1938950782221648e-17,0.0,0.0,0.1024287057784162,0.1024287057784162,0.0,0.0,0.0,0.0,0.0,6.091321141455698e-17,0.0,1.4013756315048438e-17,4.6899455099508537e-17,5.4578546056442124e-17,3.464663099941078e-17,1.9931915057031345e-17,0.6,48.0,2014-01-31,2014-02-03
2014-03-31,CALM,dynamic,0.0056671955773455,0.0621720060796101,0.5075712974211284,0.35,5.710722143005104e-17,0.0,1.3515579936079699e-17,0.1575712974211284,0.35,0.0,0.0,7.396379499519413e-18,5.784417690512865e-18,0.35,3.714476214049345e-18,0.0,0.0037684395095587,0.0010234522086386,0.0,0.0027449873009201,0.1386602630693126,0.1386602630693126,0.0,0.0,1.8858706015439813e-30,3.61744514979861e-18,3.61744514979861e-18,1.2016309836556127e-17,0.0,1.2016309836556127e-17,0.0,6.53188554484912e-33,6.53188554484912e-33,0.0,0.6,48.0,2014-02-28,2014-03-03
2014-04-30,CALM,dynamic,0.0056619238111077,0.0621720060796101,0.5158267157667759,0.3499999999999999,0.0029057858778585,1.283064121522806e-17,0.0,0.1629209298889174,0.3568312967042616,3.390550718696425e-18,0.0026429190490954,3.5669483279315944e-17,0.0039947082166318,0.35,0.0,0.0001936694385344,0.007925251202475406,0.0002556202779915,4.6622627778976625e-18,0.0076696309244839,0.1144858330812271,0.0994280961831631,0.0,0.015057736898064,3.50906002076632e-18,2.7964517312801683e-18,2.7964517312801683e-18,0.0045973956919085,0.0038835398408471,0.000540895235139,0.0001729606159224,0.0003335075533508,0.0,0.0003335075533508,0.6,48.0,2014-03-31,2014-04-01
2014-05-30,CALM,dynamic,0.0056268931841691,0.0621720060796101,0.5158267157667759,0.3499999999999999,0.0029057858778585,1.283064121522806e-17,0.0,0.1629209298889174,0.3568312967042616,3.390550718696425e-18,0.0026429190490954,3.5669483279315944e-17,0.0039947082166318,0.35,0.0,0.0001936694385344,0.007925251202475406,0.0002556202779915,4.6622627778976625e-18,0.0076696309244839,0.1144858330812271,0.0994280961831631,0.0,0.015057736898064,3.50906002076632e-18,2.7964517312801683e-18,2.7964517312801683e-18,0.0045973956919085,0.0038835398408471,0.000540895235139,0.0001729606159224,0.0003335075533508,0.0,0.0003335075533508,0.6,48.0,2014-04-30,2014-05-01
2014-06-30,CALM,dynamic,0.0055937076517745,0.0621720060796101,0.5263999568365967,0.35,0.0001719743174601,0.0064585241449801,0.0050932486919718,0.1646762096821847,0.35259917660348655,0.0,0.0,0.0,0.0025991766034866,0.35,0.0,1.2685990098857556e-17,0.0074211523356488,0.0011923927219547,0.0012100725420098,0.0050186870716843,0.0848165660397788,0.0848165660397788,0.0,2.0675110263347524e-18,0.0,0.0022541379383482,0.0022541379383482,0.008256470344427409,0.0082564703444274,2.9393157366055076e-18,4.691643470539376e-18,0.018252539901712904,5.110435784854161e-18,0.0182525399017129,0.6,48.0,2014-05-31,2014-06-02
2014-07-31,NORMAL,dynamic,0.0056000101979437,0.0621720060796101,0.5263999568365968,0.35,0.0001719743174601,0.0064585241449801,0.0050932486919718,0.1646762096821848,0.35259917660348655,0.0,0.0,0.0,0.0025991766034866,0.35,0.0,1.2685990098857562e-17,0.0074211523356488,0.0011923927219547,0.0012100725420098,0.0050186870716843,0.0848165660397788,0.0848165660397788,0.0,2.0675110263347535e-18,0.0,0.0022541379383482,0.0022541379383482,0.008256470344427409,0.0082564703444274,2.939315736605509e-18,4.691643470539378e-18,0.018252539901712904,5.110435784854164e-18,0.0182525399017129,0.6,48.0,2014-06-30,2014-07-01
2014-08-29,CALM,dynamic,0.0056439841692671,0.0621720060796101,0.5092466720767382,0.3458178263762227,0.0,0.0018673080011171,0.0001050701008968,0.1614564675985016,0.3465767128344829,6.883255402542969e-18,3.52185649398238e-18,4.0941879001492746e-17,0.0,0.3465767128344828,0.0,0.0,0.00016099838143655333,0.0,5.3321932026235606e-17,0.0001609983814365,0.12481656358292291,0.1248165635829227,0.0,1.4114052754905642e-16,6.874953810543518e-17,0.0,0.0,0.0034975522014395167,0.0034975522014395,1.642730478021095e-17,0.0,0.0157015009229797,0.0,0.0157015009229797,0.6,48.0,2014-07-31,2014-08-01
2014-09-30,NORMAL,dynamic,0.005615651180357,0.0621720060796101,0.48943941801887975,0.3373053666832704,4.619032144584608e-18,3.1713578427870533e-17,2.592084162746544e-17,0.1521340513356093,0.33715258362051664,0.0,2.0451101972705206e-17,0.0,6.613191805724918e-17,0.3371525836205165,5.836419611473563e-17,0.0,1.6698402420908497e-16,1.3506220538320698e-16,3.192181882587798e-17,0.0,0.164816562336765,0.164816562336765,0.0,0.0,7.761234298790151e-18,0.0,0.0,2.298119888973833e-17,0.0,0.0,2.298119888973833e-17,0.0085914360238383,0.0,0.0085914360238383,0.6,48.0,2014-08-31,2014-09-01
2014-10-31,CALM,dynamic,0.0055957508241811,0.0621720060796101,0.47005017776780633,0.3278434780372173,0.0,0.0,0.0,0.142206699730589,0.32513326087934197,1.4565103010902955e-16,0.0,0.0,0.0,0.3251332608793418,1.2468192305113538e-17,0.0,0.0,0.0,0.0,0.0,0.2048165613528512,0.2048165613528511,0.0,0.0,1.1818972379202386e-16,1.060252957537874e-17,1.060252957537874e-17,7.739446957150383e-17,5.146137137301849e-17,0.0,2.5933098198485336e-17,1.8777302826963695e-16,0.0,1.8777302826963695e-16,0.6,48.0,2014-09-30,2014-10-01
2014-11-28,CALM,dynamic,0.0055631026458688,0.0621720060796101,0.443774076551847,0.3151924256956614,0.0,1.7933105257506665e-17,6.0861999572873066e-18,0.1285816508561856,0.3114093623856014,9.910024217108355e-17,1.839153558100569e-17,5.31085240093934e-17,9.848709622917764e-18,0.3114093623856011,1.2169556154231847e-16,5.551115123125809e-17,6.55480976323236e-17,8.211161256403118e-18,3.824113720218183e-17,1.909579917373865e-17,0.2448165610625511,0.2448165610625509,3.104367583011715e-18,1.5856070931706724e-16,2.466167468886984e-17,2.9401005829189576e-16,2.9401005829189576e-16,5.5111212110251733e-17,8.622464819967124e-18,0.0,4.648874729028461e-17,9.71445146547014e-17,7.494005416219828e-17,2.2204460492503114e-17,0.6,48.0,2014-10-31,2014-11-03
2014-12-31,NORMAL,dynamic,0.0055331808986263,0.0621720060796101,0.443774076551847,0.3151924256956614,0.0,1.7933105257506665e-17,6.0861999572873066e-18,0.1285816508561856,0.3114093623856014,9.910024217108355e-17,1.839153558100569e-17,5.31085240093934e-17,9.848709622917764e-18,0.3114093623856011,1.2169556154231847e-16,5.551115123125809e-17,6.55480976323236e-17,8.211161256403118e-18,3.824113720218183e-17,1.909579917373865e-17,0.2448165610625511,0.2448165610625509,3.104367583011715e-18,1.5856070931706724e-16,2.466167468886984e-17,2.9401005829189576e-16,2.9401005829189576e-16,5.5111212110251733e-17,8.622464819967124e-18,0.0,4.648874729028461e-17,9.71445146547014e-17,7.494005416219828e-17,2.2204460492503114e-17,0.6,48.0,2014-11-30,2014-12-01
2015-01-30,NORMAL,dynamic,0.0055335175702132,0.0621720060796101,0.443774076551847,0.3151924256956614,0.0,1.7933105257506665e-17,6.0861999572873066e-18,0.1285816508561856,0.3114093623856014,9.910024217108355e-17,1.839153558100569e-17,5.31085240093934e-17,9.848709622917764e-18,0.3114093623856011,1.2169556154231847e-16,5.551115123125809e-17,6.55480976323236e-17,8.211161256403118e-18,3.824113720218183e-17,1.909579917373865e-17,0.2448165610625511,0.2448165610625509,3.104367583011715e-18,1.5856070931706724e-16,2.466167468886984e-17,2.9401005829189576e-16,2.9401005829189576e-16,5.5111212110251733e-17,8.622464819967124e-18,0.0,4.648874729028461e-17,9.71445146547014e-17,7.494005416219828e-17,2.2204460492503114e-17,0.6,48.0,2014-12-31,2015-01-01
2015-02-27,CALM,dynamic,0.0055032846014401,0.0621720060796101,0.4150202832565152,0.2980819243349106,1.495103395967828e-16,1.4862565377982647e-16,5.4725392485889585e-17,0.1169383589216042,0.30016315832007323,0.0,1.596640920844633e-16,5.3916625342939825e-17,4.257746872493318e-17,0.3001631583200729,0.0,4.997795201411217e-17,1.5808891398511952e-16,0.0,1.1343145222521883e-16,4.465746175990068e-17,0.28481655842341114,0.2848165584234107,1.0944158275889691e-16,3.2370614071270446e-16,1.690668709435535e-17,0.0,0.0,1.0477309068630451e-16,4.96466618562952e-17,5.5126428830009315e-17,0.0,5.671785549943105e-17,0.0,5.671785549943105e-17,0.6,48.0,2015-01-31,2015-02-02
2015-03-31,NORMAL,dynamic,0.0054731342224218,0.0621720060796101,0.3906869115134391,0.2847795142611991,0.0,5.0369217748464564e-18,8.451438862762104e-17,0.1059073972522399,0.28449653075566445,1.1902079265347246e-16,2.264342662844339e-17,0.0,1.5365137113459757e-17,0.2844965307556643,0.0,0.0,6.554616860417391e-17,3.9956947610863154e-17,1.3646217826333428e-17,1.1943003166977333e-17,0.3248165577308962,0.3248165577308959,9.99321296992748e-18,2.979058947039881e-16,1.7441387776830264e-17,6.580840922757429e-18,6.580840922757429e-18,2.3642046977800577e-17,0.0,0.0,2.3642046977800577e-17,0.0,0.0,0.0,0.6,48.0,2015-02-28,2015-03-02
2015-04-30,CALM,dynamic,0.0054504982117107,0.0621720060796101,0.3906869115134391,0.2847795142611991,0.0,5.0369217748464564e-18,8.451438862762104e-17,0.1059073972522399,0.28449653075566445,1.1902079265347246e-16,2.264342662844339e-17,0.0,1.5365137113459757e-17,0.2844965307556643,0.0,0.0,6.554616860417391e-17,3.9956947610863154e-17,1.3646217826333428e-17,1.1943003166977333e-17,0.3248165577308962,0.3248165577308959,9.99321296992748e-18,2.979058947039881e-16,1.7441387776830264e-17,6.580840922757429e-18,6.580840922757429e-18,2.3642046977800577e-17,0.0,0.0,2.3642046977800577e-17,0.0,0.0,0.0,0.6,48.0,2015-03-31,2015-04-01
2015-05-29,CALM,dynamic,0.0054306410724571,0.0621720060796101,0.3906869115134391,0.2847795142611991,0.0,5.0369217748464564e-18,8.451438862762104e-17,0.1059073972522399,0.28449653075566445,1.1902079265347246e-16,2.264342662844339e-17,0.0,1.5365137113459757e-17,0.2844965307556643,0.0,0.0,6.554616860417391e-17,3.9956947610863154e-17,1.3646217826333428e-17,1.1943003166977333e-17,0.3248165577308962,0.3248165577308959,9.99321296992748e-18,2.979058947039881e-16,1.7441387776830264e-17,6.580840922757429e-18,6.580840922757429e-18,2.3642046977800577e-17,0.0,0.0,2.3642046977800577e-17,0.0,0.0,0.0,0.6,48.0,2015-04-30,2015-05-01
2015-06-30,NORMAL,dynamic,0.0054137780856141,0.0621720060796101,0.3663020039282291,0.2751757580811659,0.0001285473439283,0.0,5.3340277528052985e-17,0.0909976985031348,0.2690099872739406,2.7306257739301944e-17,1.5055808732619396e-17,3.8832445112985316e-17,0.0,0.2690099872739405,4.5345261966166026e-17,0.0,0.014351558348096512,0.0001097622639273,0.0142417960841692,1.2451263247813175e-17,0.35033645044973344,0.3499999999999994,1.2574936074624193e-17,1.9664099306926606e-16,0.0003364504497338,6.11888757561884e-17,6.11888757561884e-17,9.15118617728336e-17,2.825846927229028e-17,4.337735602742311e-17,1.9876036473120217e-17,3.930265652469072e-17,6.164082883720413e-32,3.9302656524690656e-17,0.6,48.0,2015-05-31,2015-06-01
2015-07-31,CALM,dynamic,0.0053861201070633,0.0621720060796101,0.34870738783952065,0.2610223189282717,0.00818700523467,1.2285969295423902e-16,7.2521447360182e-17,0.0794980636765788,0.26949651904810873,4.76701291931821e-17,4.2147668301166324e-18,1.0870867483852536e-17,0.0098967285286094,0.2595997905194991,1.2152877832978932e-16,5.915912222538864e-17,0.016361585307145387,0.0070565165281854,0.0093050687789599,8.569551654749865e-17,0.36488133923337573,0.3499999999999994,0.0091770956573913,1.2123776262244572e-16,0.0057042435759849,1.7129391618170616e-17,1.7129391618170616e-17,7.518786799604421e-17,2.1153798367354898e-17,2.7776350397954506e-17,2.6257719230734808e-17,0.000553168571849,1.725591267648528e-32,0.000553168571849,0.6,48.0,2015-06-30,2015-07-01
2015-08-31,STRESS,dynamic,0.0053616661251313,0.0621720060796101,0.33072075790486133,0.250221738241691,0.0105421164915017,3.5529907910920184e-17,0.0,0.0699569031716685,0.2701246860590753,2.3354141686384756e-17,1.8551157664329246e-16,9.152249839434168e-18,0.0203016582425433,0.2498230278165317,5.327892338139594e-17,0.0,0.0112779213509643,0.0112779213509643,0.0,0.0,0.37794949458928456,0.3499999999999991,0.0086006711812139,0.0,0.0193488234080716,0.0,0.0,3.307535506144169e-17,3.307535506144169e-17,0.0,0.0,0.0099271400958141,0.0,0.0099271400958141,0.6,48.0,2015-07-31,2015-08-03
2015-09-30,NORMAL,dynamic,0.0053586886482572,0.0621720060796101,0.33072075790486133,0.2502217382416911,0.0105421164915017,3.552990791092019e-17,0.0,0.0699569031716685,0.2701246860590753,2.335414168638476e-17,1.8551157664329251e-16,9.152249839434168e-18,0.0203016582425433,0.2498230278165317,5.3278923381395944e-17,0.0,0.0112779213509643,0.0112779213509643,0.0,0.0,0.3779494945892847,0.3499999999999991,0.0086006711812139,0.0,0.0193488234080717,0.0,0.0,3.3075355061441687e-17,3.3075355061441687e-17,0.0,0.0,0.0099271400958141,0.0,0.0099271400958141,0.6,48.0,2015-08-31,2015-09-01
2015-10-30,NORMAL,dynamic,0.0053364432494431,0.0621720060796101,0.33072075790486133,0.2502217382416911,0.0105421164915017,3.552990791092019e-17,0.0,0.0699569031716685,0.2701246860590753,2.335414168638476e-17,1.8551157664329251e-16,9.152249839434168e-18,0.0203016582425433,0.2498230278165317,5.3278923381395944e-17,0.0,0.0112779213509643,0.0112779213509643,0.0,0.0,0.3779494945892847,0.3499999999999991,0.0086006711812139,0.0,0.0193488234080717,0.0,0.0,3.3075355061441687e-17,3.3075355061441687e-17,0.0,0.0,0.0099271400958141,0.0,0.0099271400958141,0.6,48.0,2015-09-30,2015-10-01
2015-11-30,NORMAL,dynamic,0.0053537999785491,0.0621720060796101,0.33072075790486133,0.2502217382416911,0.0105421164915017,3.552990791092019e-17,0.0,0.0699569031716685,0.2701246860590753,2.335414168638476e-17,1.8551157664329251e-16,9.152249839434168e-18,0.0203016582425433,0.2498230278165317,5.3278923381395944e-17,0.0,0.0112779213509643,0.0112779213509643,0.0,0.0,0.3779494945892847,0.3499999999999991,0.0086006711812139,0.0,0.0193488234080717,0.0,0.0,3.3075355061441687e-17,3.3075355061441687e-17,0.0,0.0,0.0099271400958141,0.0,0.0099271400958141,0.6,48.0,2015-10-31,2015-11-02
2015-12-31,NORMAL,dynamic,0.0053326288477997,0.0621720060796101,0.33072075790486133,0.2502217382416911,0.0105421164915017,3.552990791092019e-17,0.0,0.0699569031716685,0.2701246860590753,2.335414168638476e-17,1.8551157664329251e-16,9.152249839434168e-18,0.0203016582425433,0.2498230278165317,5.3278923381395944e-17,0.0,0.0112779213509643,0.0112779213509643,0.0,0.0,0.3779494945892847,0.3499999999999991,0.0086006711812139,0.0,0.0193488234080717,0.0,0.0,3.3075355061441687e-17,3.3075355061441687e-17,0.0,0.0,0.0099271400958141,0.0,0.0099271400958141,0.6,48.0,2015-11-30,2015-12-01
2016-01-29,NORMAL,dynamic,0.0053827548589613,0.0621720060796101,0.322893032260806,0.2561913066819272,0.00522269505019,5.328731897625672e-16,2.3824109172534387e-16,0.061479030528688,0.2657072651265312,0.0097888946545079,3.874511603803055e-16,1.9297724368385015e-16,0.0131548592822092,0.242763511189813,2.8473468104283935e-16,1.9649336245318648e-16,0.009917506441604336,0.0080018281790601,0.001915678262544,2.3612153804760515e-16,0.37498256208041375,0.3499999999999991,0.0143540335493339,5.763805298626804e-16,0.0106285285310802,1.9874989832816631e-16,1.9874989832816631e-16,7.094150403621843e-16,1.453148635649244e-16,3.3798108327343963e-16,2.261190935238203e-16,0.0264996340906435,0.0061551057775333,0.0203445283131102,0.6,48.0,2015-12-31,2016-01-01
2016-02-29,NORMAL,dynamic,0.005412046314917,0.0621720060796101,0.3228930322608059,0.2561913066819272,0.00522269505019,5.328731897625672e-16,2.3824109172534387e-16,0.0614790305286879,0.2657072651265312,0.0097888946545079,3.874511603803054e-16,1.929772436838501e-16,0.0131548592822092,0.242763511189813,2.8473468104283935e-16,1.9649336245318643e-16,0.009917506441604336,0.0080018281790601,0.001915678262544,2.3612153804760515e-16,0.37498256208041375,0.3499999999999991,0.0143540335493339,5.763805298626804e-16,0.0106285285310802,1.9874989832816631e-16,1.9874989832816631e-16,7.094150403621843e-16,1.453148635649244e-16,3.379810832734395e-16,2.261190935238203e-16,0.0264996340906435,0.0061551057775333,0.0203445283131102,0.6,48.0,2016-01-31,2016-02-01
2016-03-31,CALM,dynamic,0.0054446114578834,0.0621720060796101,0.3228930322608059,0.2561913066819272,0.00522269505019,5.328731897625672e-16,2.3824109172534387e-16,0.0614790305286879,0.2657072651265311,0.0097888946545079,3.874511603803054e-16,1.929772436838501e-16,0.0131548592822092,0.2427635111898129,2.8473468104283935e-16,1.9649336245318643e-16,0.009917506441604336,0.0080018281790601,0.001915678262544,2.3612153804760515e-16,0.37498256208041375,0.3499999999999991,0.0143540335493339,5.763805298626804e-16,0.0106285285310802,1.9874989832816631e-16,1.9874989832816631e-16,7.094150403621843e-16,1.453148635649244e-16,3.3798108327343954e-16,2.261190935238203e-16,0.0264996340906435,0.0061551057775333,0.0203445283131102,0.6,48.0,2016-02-29,2016-03-01
2016-04-29,NORMAL,dynamic,0.0054341568090357,0.0621720060796101,0.322893032260806,0.2561913066819273,0.00522269505019,5.328731897625673e-16,2.382410917253439e-16,0.0614790305286879,0.2657072651265312,0.0097888946545079,3.874511603803054e-16,1.929772436838501e-16,0.0131548592822092,0.242763511189813,2.847346810428394e-16,1.9649336245318643e-16,0.009917506441604336,0.0080018281790601,0.001915678262544,2.361215380476052e-16,0.37498256208041364,0.349999999999999,0.0143540335493339,5.763805298626805e-16,0.0106285285310802,1.9874989832816631e-16,1.9874989832816631e-16,7.094150403621843e-16,1.4531486356492443e-16,3.379810832734395e-16,2.261190935238203e-16,0.0264996340906435,0.0061551057775333,0.0203445283131102,0.6,48.0,2016-03-31,2016-04-01
2016-05-31,CALM,dynamic,0.0054475922202345,0.0621720060796101,0.3267904520673949,0.2619820394695821,0.0033967738326578,1.318494519759296e-15,1.4178971652627482e-15,0.0614116387651522,0.27061208446260726,0.0177408222567072,0.0007498265103454,0.0076563178649356,0.0047114501043478,0.2397536677262685,1.3285109244443305e-15,1.4630179497578286e-15,0.009047490737579728,1.254084028936992e-15,0.0090474907375772,1.2731504659046536e-15,0.36213471306931383,0.3499999999999609,0.0121347130693481,3.617278039752206e-15,1.2077021066583877e-15,1.2549627264944844e-15,1.2549627264944844e-15,0.004082030282296974,1.2763615641304797e-15,1.397333199373904e-15,0.0040820302822943,0.0273332293808052,0.0127924573938662,0.014540771986939,0.6,48.0,2016-04-30,2016-05-02
2016-06-30,NORMAL,dynamic,0.0054469410088521,0.0621720060796101,0.3267904520673949,0.2619820394695821,0.0033967738326578,1.318494519759296e-15,1.4178971652627482e-15,0.0614116387651522,0.27061208446260726,0.0177408222567072,0.0007498265103454,0.0076563178649356,0.0047114501043478,0.2397536677262685,1.3285109244443305e-15,1.4630179497578286e-15,0.009047490737579728,1.254084028936992e-15,0.0090474907375772,1.2731504659046536e-15,0.36213471306931383,0.3499999999999609,0.0121347130693481,3.617278039752206e-15,1.2077021066583877e-15,1.2549627264944844e-15,1.2549627264944844e-15,0.004082030282296974,1.2763615641304797e-15,1.397333199373904e-15,0.0040820302822943,0.0273332293808052,0.0127924573938662,0.014540771986939,0.6,48.0,2016-05-31,2016-06-01
2016-07-29,CALM,dynamic,0.0054205297837278,0.0621720060796101,0.3267904520673949,0.2619820394695821,0.0033967738326578,1.318494519759296e-15,1.4178971652627482e-15,0.0614116387651522,0.27061208446260726,0.0177408222567072,0.0007498265103454,0.0076563178649356,0.0047114501043478,0.2397536677262685,1.3285109244443305e-15,1.4630179497578286e-15,0.009047490737579728,1.254084028936992e-15,0.0090474907375772,1.2731504659046536e-15,0.36213471306931383,0.3499999999999609,0.0121347130693481,3.617278039752206e-15,1.2077021066583877e-15,1.2549627264944844e-15,1.2549627264944844e-15,0.004082030282296974,1.2763615641304797e-15,1.397333199373904e-15,0.0040820302822943,0.0273332293808052,0.0127924573938662,0.014540771986939,0.6,48.0,2016-06-30,2016-07-01
2016-08-31,CALM,dynamic,0.0053968476026562,0.0621720060796101,0.3302536591891173,0.2682175253854921,2.1116002434559399e-16,5.489977604718119e-16,4.793875993400525e-17,0.0620361338036244,0.27759392762189145,0.0108688496191971,3.2368413200470595e-16,0.0185367563849192,1.362612029624876e-16,0.2481883216177743,3.773257134791471e-16,0.0,0.009049542505155975,1.74135468142899e-16,0.0077587244411267,0.0012908180640291,0.3746688197064587,0.3499999999999901,0.024668819706468,6.166393534441563e-16,0.0,8.569150395575676e-17,8.569150395575676e-17,4.528559919671477e-16,0.0,1.5889236174520854e-16,2.939636302219391e-16,0.008434050977375523,0.0084340509773752,3.2321800154267373e-16,0.6,48.0,2016-07-31,2016-08-01
2016-09-30,CALM,dynamic,0.0053908950234015,0.0621720060796101,0.32644397425097144,0.2701116884633111,0.0,0.0,2.9425263796320656e-17,0.0563322857876603,0.26603435698312156,0.0,0.0,0.0250805606441548,3.655974704083822e-17,0.2409537963389667,0.0,0.0,0.0095271066805878,0.0,0.0,0.0095271066805878,0.39799456208531875,0.3500000000000004,0.0479945620853181,2.2530587571992833e-16,2.77555756156289e-17,0.0,0.0,2.805399057295761e-17,0.0,0.0,2.805399057295761e-17,5.551115185007003e-17,6.188121955359998e-25,5.551115123125783e-17,0.6,48.0,2016-08-31,2016-09-01
2016-10-31,NORMAL,dynamic,0.0053654240567737,0.0621720060796101,0.32644397425097177,0.2701116884633113,0.0,0.0,2.9425263796320674e-17,0.0563322857876604,0.2660343569831216,0.0,0.0,0.0250805606441548,3.655974704083825e-17,0.2409537963389668,0.0,0.0,0.0095271066805878,0.0,0.0,0.0095271066805878,0.3979945620853186,0.3500000000000002,0.0479945620853181,2.2530587571992847e-16,2.775557561562892e-17,0.0,0.0,2.805399057295763e-17,0.0,0.0,2.805399057295763e-17,5.551115185007005e-17,6.188121955360001e-25,5.551115123125785e-17,0.6,48.0,2016-09-30,2016-10-03
2016-11-30,CALM,dynamic,0.0053459580985465,0.0621720060796101,0.319962809614163,0.2497934259078878,9.02197252209672e-17,6.954198707869769e-18,0.0010899939658066,0.0690793897404685,0.28609228546480603,0.0,0.0,0.0512434563684779,2.229824850048702e-17,0.2348488290963281,0.0,1.0408340855860844e-17,0.001447654287172816,0.0,1.6051741394580277e-17,0.0014476542871728,0.39249725063385776,0.3499999999999996,0.0424972506338581,6.958691196394056e-17,0.0,0.0,0.0,2.1066673568631095e-17,1.9992856012895898e-17,1.0738175557351965e-18,0.0,2.7755575615628957e-17,0.0,2.7755575615628957e-17,0.6,48.0,2016-10-31,2016-11-01
2016-12-30,CALM,dynamic,0.0053245093263616,0.0621720060796101,0.32418894885412697,0.2373553359478498,0.0060795717609975,0.0,0.0034353781735511,0.0773186629717286,0.2976605942886938,0.0,0.0094691463261885,0.0481879402385648,0.0073140485034514,0.2318957572194673,0.0007937020010218,0.0,0.007069454870277731,2.265682014224682e-17,8.516850480772087e-18,0.0070694548702777,0.37108100198690086,0.328446678182167,0.0426343238047338,5.06677187708931e-17,0.0,3.2922620594305618e-18,3.2922620594305618e-18,3.772203896653063e-17,1.5751501444612085e-17,2.1970537521918545e-17,0.0,3.903127820947812e-18,0.0,3.903127820947812e-18,0.6,48.0,2016-11-30,2016-12-01
2017-01-31,CALM,dynamic,0.0053004770809363,0.0621720060796101,0.3430895065424895,0.2360420485732446,0.0098696799978575,1.4125139377642192e-17,0.0140843059655067,0.0830934720058806,0.2788247084983942,1.1620672533296657e-18,0.0110921130520222,0.0431457699100463,0.0011210790733549,0.2163666445208599,0.0070991019421109,0.0,0.0067764241896153,0.0,0.0,0.0067764241896153,0.3713093607695004,0.3168172509214527,0.0544921098480477,0.0,6.93889390390723e-18,0.0,0.0,3.83215556188326e-17,1.0616958984184829e-17,5.370787972340145e-18,2.2333808662307626e-17,0.0,0.0,0.0,0.6,48.0,2016-12-31,2017-01-02
2017-02-28,CALM,dynamic,0.0052787834812273,0.0621720060796101,0.3430895065424895,0.2360420485732446,0.0098696799978575,1.4125139377642192e-17,0.0140843059655067,0.0830934720058806,0.2788247084983942,1.1620672533296657e-18,0.0110921130520222,0.0431457699100463,0.0011210790733549,0.2163666445208599,0.0070991019421109,0.0,0.0067764241896153,0.0,0.0,0.0067764241896153,0.3713093607695004,0.3168172509214527,0.0544921098480477,0.0,6.93889390390723e-18,0.0,0.0,3.83215556188326e-17,1.0616958984184829e-17,5.370787972340145e-18,2.2333808662307626e-17,0.0,0.0,0.0,0.6,48.0,2017-01-31,2017-02-01
2017-03-31,CALM,dynamic,0.0052708351303837,0.0621720060796101,0.3252140713886683,0.2340249483086945,0.0039325446477806,4.1298491044674755e-18,0.0097040819141933,0.0775524965179999,0.2735923059674457,1.0085542234017033e-17,2.0047957487914082e-17,0.0515913085594117,4.380619239542869e-18,0.2148237540059952,0.0071772434020388,0.0,0.0032216571761434555,5.5446367392573323e-17,0.0,0.0032216571761434,0.3971458393970164,0.3474674422666465,0.0496783971303699,0.0,3.205573323592087e-19,0.0,0.0,0.0008261260707258246,1.709395537537627e-17,7.450719942594018e-18,0.0008261260707258,1.0071374063516045e-17,8.965544791819883e-18,1.1058292716961625e-18,0.6,48.0,2017-02-28,2017-03-01
2017-04-28,CALM,dynamic,0.0052475633303748,0.0621720060796101,0.3252140713886683,0.2340249483086945,0.0039325446477806,4.1298491044674755e-18,0.0097040819141933,0.0775524965179999,0.2735923059674457,1.0085542234017033e-17,2.0047957487914082e-17,0.0515913085594117,4.380619239542869e-18,0.2148237540059952,0.0071772434020388,0.0,0.0032216571761434555,5.5446367392573323e-17,0.0,0.0032216571761434,0.3971458393970164,0.3474674422666465,0.0496783971303699,0.0,3.205573323592087e-19,0.0,0.0,0.0008261260707258246,1.709395537537627e-17,7.450719942594018e-18,0.0008261260707258,1.0071374063516045e-17,8.965544791819883e-18,1.1058292716961625e-18,0.6,48.0,2017-03-31,2017-04-03
2017-05-31,CALM,dynamic,0.0052373847900854,0.0621720060796101,0.3252140713886683,0.2340249483086945,0.0039325446477806,4.1298491044674755e-18,0.0097040819141933,0.0775524965179999,0.2735923059674457,1.0085542234017033e-17,2.0047957487914082e-17,0.0515913085594117,4.380619239542869e-18,0.2148237540059952,0.0071772434020388,0.0,0.0032216571761434555,5.5446367392573323e-17,0.0,0.0032216571761434,0.3971458393970164,0.3474674422666465,0.0496783971303699,0.0,3.205573323592087e-19,0.0,0.0,0.0008261260707258246,1.709395537537627e-17,7.450719942594018e-18,0.0008261260707258,1.0071374063516045e-17,8.965544791819883e-18,1.1058292716961625e-18,0.6,48.0,2017-04-30,2017-05-01
2017-06-30,CALM,dynamic,0.0052248501316533,0.0621720060796101,0.3252140713886683,0.2340249483086945,0.0039325446477806,4.1298491044674755e-18,0.0097040819141933,0.0775524965179999,0.2735923059674457,1.0085542234017033e-17,2.0047957487914082e-17,0.0515913085594117,4.380619239542869e-18,0.2148237540059952,0.0071772434020388,0.0,0.0032216571761434555,5.5446367392573323e-17,0.0,0.0032216571761434,0.3971458393970164,0.3474674422666465,0.0496783971303699,0.0,3.205573323592087e-19,0.0,0.0,0.0008261260707258246,1.709395537537627e-17,7.450719942594018e-18,0.0008261260707258,1.0071374063516045e-17,8.965544791819883e-18,1.1058292716961625e-18,0.6,48.0,2017-05-31,2017-06-01
2017-07-31,CALM,dynamic,0.005203477708731,0.0621720060796101,0.3252140713886683,0.2340249483086945,0.0039325446477806,4.1298491044674755e-18,0.0097040819141933,0.0775524965179999,0.2735923059674457,1.0085542234017033e-17,2.0047957487914082e-17,0.0515913085594117,4.380619239542869e-18,0.2148237540059952,0.0071772434020388,0.0,0.0032216571761434555,5.5446367392573323e-17,0.0,0.0032216571761434,0.3971458393970164,0.3474674422666465,0.0496783971303699,0.0,3.205573323592087e-19,0.0,0.0,0.0008261260707258246,1.709395537537627e-17,7.450719942594018e-18,0.0008261260707258,1.0071374063516045e-17,8.965544791819883e-18,1.1058292716961625e-18,0.6,48.0,2017-06-30,2017-07-03
2017-08-31,CALM,dynamic,0.0051820740104673,0.0621720060796101,0.33243548706851167,0.2387000130085382,0.0043451465097397,0.0001687971407716,0.0091213180849939,0.0801002123244683,0.2888326260995975,0.0030362778988876,0.0014234391092936,0.0572209273220789,5.2797731034027515e-18,0.2177884776611038,0.0081646333802712,0.0011988707279624,0.01184189139205,0.0057180468107515,0.0028002382469439,0.0033236063343546,0.357728604446201,0.3099917902635789,0.0477368141826221,4.1062522817897973e-19,9.310811513594349e-19,0.0010078301627658,0.0010078301627658,0.0081535608308731,0.0052807835415303,0.0017936669098293,0.0010791103795135,5.652204160449231e-18,4.4027356814129296e-18,1.2494684790363012e-18,0.6,48.0,2017-07-31,2017-08-01
2017-09-29,CALM,dynamic,0.0051618575318369,0.0621720060796101,0.33829374395931583,0.244287330550569,0.0052387364060699,3.3833950781212366e-05,0.0093067609878772,0.0794270820640185,0.2965850565042085,0.0024989809109642,0.0028916481188248,0.0629071817585559,0.0,0.2206136134200875,0.0058229500144199,0.0018506822813562,0.0197159861802469,0.0104440773834392,0.0045792716720228,0.0046926371247849,0.3294122477613923,0.2736788653781136,0.0501867045630735,0.0055466778202052,1.4534779536366074e-19,0.001487474050898,0.001487474050898,0.0133228336116487,0.0081840428927769,0.0032201075027243,0.0019186832161475,0.0011826579322888001,2.0613979262256376e-19,0.0011826579322888,0.6,48.0,2017-08-31,2017-09-01
2017-10-31,CALM,dynamic,0.0051418085717574,0.0621720060796101,0.3382937439593157,0.2442873305505689,0.0052387364060699,3.3833950781212366e-05,0.0093067609878772,0.0794270820640185,0.2965850565042084,0.0024989809109642,0.0028916481188248,0.0629071817585559,0.0,0.2206136134200874,0.0058229500144199,0.0018506822813562,0.0197159861802469,0.0104440773834392,0.0045792716720228,0.0046926371247849,0.3294122477613923,0.2736788653781137,0.0501867045630734,0.0055466778202052,1.4534779536366074e-19,0.001487474050898,0.001487474050898,0.0133228336116487,0.0081840428927769,0.0032201075027243,0.0019186832161475,0.0011826579322888001,2.0613979262256373e-19,0.0011826579322888,0.6,48.0,2017-09-30,2017-10-02
2017-11-30,CALM,dynamic,0.0051238609654638,0.0621720060796101,0.3382937439593157,0.2442873305505689,0.0052387364060699,3.3833950781212366e-05,0.0093067609878772,0.0794270820640185,0.2965850565042084,0.0024989809109642,0.0028916481188248,0.0629071817585559,0.0,0.2206136134200874,0.0058229500144199,0.0018506822813562,0.0197159861802469,0.0104440773834392,0.0045792716720228,0.0046926371247849,0.3294122477613923,0.2736788653781137,0.0501867045630734,0.0055466778202052,1.4534779536366074e-19,0.001487474050898,0.001487474050898,0.0133228336116487,0.0081840428927769,0.0032201075027243,0.0019186832161475,0.0011826579322888001,2.0613979262256373e-19,0.0011826579322888,0.6,48.0,2017-10-31,2017-11-01
2017-12-29,CALM,dynamic,0.0051025974590243,0.0621720060796101,0.3382937439593157,0.2442873305505689,0.0052387364060699,3.3833950781212366e-05,0.0093067609878772,0.0794270820640185,0.2965850565042084,0.0024989809109642,0.0028916481188248,0.0629071817585559,0.0,0.2206136134200874,0.0058229500144199,0.0018506822813562,0.0197159861802469,0.0104440773834392,0.0045792716720228,0.0046926371247849,0.3294122477613923,0.2736788653781137,0.0501867045630734,0.0055466778202052,1.4534779536366074e-19,0.001487474050898,0.001487474050898,0.0133228336116487,0.0081840428927769,0.0032201075027243,0.0019186832161475,0.0011826579322888001,2.0613979262256373e-19,0.0011826579322888,0.6,48.0,2017-11-30,2017-12-01
2018-01-31,CALM,dynamic,0.0050820372402033,0.0621720060796101,0.3382937439593157,0.2442873305505689,0.0052387364060699,3.3833950781212366e-05,0.0093067609878772,0.0794270820640185,0.2965850565042084,0.0024989809109642,0.0028916481188248,0.0629071817585559,0.0,0.2206136134200874,0.0058229500144199,0.0018506822813562,0.0197159861802469,0.0104440773834392,0.0045792716720228,0.0046926371247849,0.3294122477613923,0.2736788653781137,0.0501867045630734,0.0055466778202052,1.4534779536366074e-19,0.001487474050898,0.001487474050898,0.0133228336116487,0.0081840428927769,0.0032201075027243,0.0019186832161475,0.0011826579322888001,2.0613979262256373e-19,0.0011826579322888,0.6,48.0,2017-12-31,2018-01-01
2018-02-28,NORMAL,dynamic,0.0050620593718504,0.0621720060796101,0.3488355350672053,0.2463242672429497,0.0098649394515157,9.906351318246282e-05,0.0134095984723858,0.0791376663871717,0.3101264725021514,0.0101396980009233,0.0012450542145321,0.064453280378438,0.0036789466062116,0.2212149628456904,0.0065497267638025,0.0028448036925535,0.024483492246763598,0.0094084377029382,0.006529692508745,0.0085453620350804,0.2967719795428722,0.245291206033569,0.0510485541785046,0.0001849852866229,0.0002472340441757,0.005838139362941,0.005838139362941,0.0122009379140984,0.0068237273951292,0.0053772105189692,1.3691393714139601e-19,0.0017434433639669,0.0,0.0017434433639669,0.6,48.0,2018-01-31,2018-02-01
2018-03-29,NORMAL,dynamic,0.0050414888070539,0.0621720060796101,0.35572281571698283,0.2469175522004739,0.0159407035484231,7.299985819531655e-21,0.0162656612111348,0.076598898756951,0.3215235085983765,0.0168987987655206,0.0011983358840223,0.0677901558828625,0.0076149175161369,0.2196712481474836,0.0044002882297849,0.0039497641725657,0.0283620798478042,0.008390896069087,0.0072675528545025,0.0127036309242147,0.2670420831693724,0.2135282843156322,0.0535137988537402,3.0820966438412597e-18,0.0,0.0115151427137831,0.0115151427137831,0.0120798778205071,0.0071122798050322,0.0049675980154749,1.6515819342227764e-18,0.0037544921331729,0.0,0.0037544921331729,0.6,48.0,2018-02-28,2018-03-01
2018-04-30,NORMAL,dynamic,0.0050319569630452,0.0621720060796101,0.3583165359040006,0.246892626207552,0.0184794198985716,0.0,0.0187539005729789,0.0741905892248981,0.3278639446531412,0.0164326268469935,0.0033823184529253,0.0701520681132974,0.0099808317066784,0.2193186593375834,0.0040495011899192,0.004547939005744,0.0293876499143765,0.0093425364170876,0.0079399331640394,0.0121051803332495,0.25175144254344717,0.1781621309932517,0.058109355963662,0.0154799555865335,0.0,0.0154050838627448,0.0154050838627448,0.013104709943036806,0.0085697239337656,0.0045349860092712,6.5845807182601316e-18,0.004170633179251801,1.2474260503283578e-18,0.0041706331792518,0.6,48.0,2018-03-31,2018-04-02
2018-05-31,NORMAL,dynamic,0.0050138822094227,0.0621720060796101,0.3601838684320997,0.2453104201530281,0.0206600608780592,6.261797087094593e-18,0.0227394964380213,0.0714738909629911,0.3322066624988115,0.0128802484116631,0.0056038026557759,0.0735353279968153,0.0129323854259908,0.2187796928832849,0.0032695920026253,0.0052056131226562,0.0268171001105502,0.008340797681824,0.0078888320924268,0.0105874703362994,0.2353998747269961,0.1499028399510065,0.0616327385939493,0.0238642961820403,8.67762587401509e-18,0.0193373844946596,0.0193373844946596,0.017836472707731706,0.0127766162973387,0.005059856410393,7.67558521899584e-18,0.0082186370291501,0.0037419241450619,0.0044767128840882,0.6,48.0,2018-04-30,2018-05-01
2018-06-29,NORMAL,dynamic,0.0050076791161608,0.0621720060796101,0.3601838684320997,0.2453104201530281,0.0206600608780592,6.261797087094593e-18,0.0227394964380213,0.0714738909629911,0.3322066624988115,0.0128802484116631,0.0056038026557759,0.0735353279968153,0.0129323854259908,0.2187796928832849,0.0032695920026253,0.0052056131226562,0.0268171001105502,0.008340797681824,0.0078888320924268,0.0105874703362994,0.2353998747269961,0.1499028399510065,0.0616327385939493,0.0238642961820403,8.67762587401509e-18,0.0193373844946596,0.0193373844946596,0.017836472707731706,0.0127766162973387,0.005059856410393,7.67558521899584e-18,0.0082186370291501,0.0037419241450619,0.0044767128840882,0.6,48.0,2018-05-31,2018-06-01
2018-07-31,CALM,dynamic,0.0049916536370071,0.0621720060796101,0.3601838684320997,0.2453104201530281,0.0206600608780592,6.261797087094593e-18,0.0227394964380213,0.0714738909629911,0.3322066624988115,0.0128802484116631,0.0056038026557759,0.0735353279968153,0.0129323854259908,0.2187796928832849,0.0032695920026253,0.0052056131226562,0.0268171001105502,0.008340797681824,0.0078888320924268,0.0105874703362994,0.2353998747269961,0.1499028399510065,0.0616327385939493,0.0238642961820403,8.67762587401509e-18,0.0193373844946596,0.0193373844946596,0.017836472707731706,0.0127766162973387,0.005059856410393,7.67558521899584e-18,0.0082186370291501,0.0037419241450619,0.0044767128840882,0.6,48.0,2018-06-30,2018-07-02
2018-08-31,CALM,dynamic,0.0049739294369724,0.0621720060796101,0.3628169643346483,0.2458376234639111,0.0212647576184335,2.1108373593917622e-18,0.0264168267546893,0.0692977564976143,0.34339459553513313,0.0100671446847669,0.0094046551245504,0.075376025893068,0.0217899704326849,0.2173464664785868,0.0022633899920789,0.0071469429293972,0.0213776547007009,0.0083780407104657,0.0059205285167706,0.0070790854734646,0.2176610186231653,0.1547145329992096,0.0594452714976061,1.57346421704676e-21,0.0035012141263496,0.0247102570407326,0.0247102570407326,0.0191445204192321,0.0151275441690381,0.004016976250194,1.7466351505185766e-19,0.0108949893463867,0.0063406920628256,0.0045542972835611,0.6,48.0,2018-07-31,2018-08-01
2018-09-28,CALM,dynamic,0.0049555838869909,0.0621720060796101,0.3628169643346483,0.2458376234639111,0.0212647576184335,2.1108373593917622e-18,0.0264168267546893,0.0692977564976143,0.34339459553513313,0.0100671446847669,0.0094046551245504,0.075376025893068,0.0217899704326849,0.2173464664785868,0.0022633899920789,0.0071469429293972,0.0213776547007009,0.0083780407104657,0.0059205285167706,0.0070790854734646,0.2176610186231653,0.1547145329992096,0.0594452714976061,1.57346421704676e-21,0.0035012141263496,0.0247102570407326,0.0247102570407326,0.0191445204192321,0.0151275441690381,0.004016976250194,1.7466351505185766e-19,0.0108949893463867,0.0063406920628256,0.0045542972835611,0.6,48.0,2018-08-31,2018-09-03
2018-10-31,NORMAL,dynamic,0.0049455677937021,0.0621720060796101,0.3628169643346483,0.2458376234639111,0.0212647576184335,2.1108373593917622e-18,0.0264168267546893,0.0692977564976143,0.34339459553513313,0.0100671446847669,0.0094046551245504,0.075376025893068,0.0217899704326849,0.2173464664785868,0.0022633899920789,0.0071469429293972,0.0213776547007009,0.0083780407104657,0.0059205285167706,0.0070790854734646,0.2176610186231653,0.1547145329992096,0.0594452714976061,1.57346421704676e-21,0.0035012141263496,0.0247102570407326,0.0247102570407326,0.0191445204192321,0.0151275441690381,0.004016976250194,1.7466351505185766e-19,0.0108949893463867,0.0063406920628256,0.0045542972835611,0.6,48.0,2018-09-30,2018-10-01
2018-11-30,NORMAL,dynamic,0.0049272207217318,0.0621720060796101,0.3585032495274799,0.2417879339883715,0.0192915235859966,0.0,0.0294495305093313,0.0679742614437805,0.34959932271329136,0.0121566706530149,0.0113628875203808,0.0785966965612351,0.0243082668003202,0.2142274394980866,0.0012967570123849,0.0076506046678689,0.0121000044616444,0.0046620390818961,0.0047786347152435,0.0026593306645048,0.2080901341459013,0.1405339728493009,0.0571752085581352,1.2881367723059221e-17,0.0103809527384652,0.0317227346774706,0.0317227346774706,0.018757252543398002,0.0156798660262431,0.0030773865171549,1.8861986363330216e-18,0.0212273019308135,0.0185730614607526,0.0026542404700609,0.6,48.0,2018-10-31,2018-11-01
2018-12-31,STRESS,dynamic,0.0049113322743326,0.0621720060796101,0.3585032495274799,0.2417879339883715,0.0192915235859966,0.0,0.0294495305093313,0.0679742614437805,0.34959932271329136,0.0121566706530149,0.0113628875203808,0.0785966965612351,0.0243082668003202,0.2142274394980866,0.0012967570123849,0.0076506046678689,0.0121000044616444,0.0046620390818961,0.0047786347152435,0.0026593306645048,0.2080901341459013,0.1405339728493009,0.0571752085581352,1.2881367723059221e-17,0.0103809527384652,0.0317227346774706,0.0317227346774706,0.018757252543398002,0.0156798660262431,0.0030773865171549,1.8861986363330216e-18,0.0212273019308135,0.0185730614607526,0.0026542404700609,0.6,48.0,2018-11-30,2018-12-03
2019-01-31,NORMAL,dynamic,0.0048939249976764,0.0621720060796101,0.3585032495274799,0.2417879339883715,0.0192915235859966,0.0,0.0294495305093313,0.0679742614437805,0.34959932271329136,0.0121566706530149,0.0113628875203808,0.0785966965612351,0.0243082668003202,0.2142274394980866,0.0012967570123849,0.0076506046678689,0.0121000044616444,0.0046620390818961,0.0047786347152435,0.0026593306645048,0.2080901341459013,0.1405339728493009,0.0571752085581352,1.2881367723059221e-17,0.0103809527384652,0.0317227346774706,0.0317227346774706,0.018757252543398002,0.0156798660262431,0.0030773865171549,1.8861986363330216e-18,0.0212273019308135,0.0185730614607526,0.0026542404700609,0.6,48.0,2018-12-31,2019-01-01
2019-02-28,CALM,dynamic,0.004898756280215,0.0621720060796101,0.3585032495274799,0.2417879339883715,0.0192915235859966,0.0,0.0294495305093313,0.0679742614437805,0.34959932271329136,0.0121566706530149,0.0113628875203808,0.0785966965612351,0.0243082668003202,0.2142274394980866,0.0012967570123849,0.0076506046678689,0.0121000044616444,0.0046620390818961,0.0047786347152435,0.0026593306645048,0.2080901341459013,0.1405339728493009,0.0571752085581352,1.2881367723059221e-17,0.0103809527384652,0.0317227346774706,0.0317227346774706,0.018757252543398002,0.0156798660262431,0.0030773865171549,1.8861986363330216e-18,0.0212273019308135,0.0185730614607526,0.0026542404700609,0.6,48.0,2019-01-31,2019-02-01
2019-03-29,CALM,dynamic,0.0048816725288926,0.0621720060796101,0.3585032495274799,0.2417879339883715,0.0192915235859966,0.0,0.0294495305093313,0.0679742614437805,0.34959932271329136,0.0121566706530149,0.0113628875203808,0.0785966965612351,0.0243082668003202,0.2142274394980866,0.0012967570123849,0.0076506046678689,0.0121000044616444,0.0046620390818961,0.0047786347152435,0.0026593306645048,0.2080901341459013,0.1405339728493009,0.0571752085581352,1.2881367723059221e-17,0.0103809527384652,0.0317227346774706,0.0317227346774706,0.018757252543398002,0.0156798660262431,0.0030773865171549,1.8861986363330216e-18,0.0212273019308135,0.0185730614607526,0.0026542404700609,0.6,48.0,2019-02-28,2019-03-01
2019-04-30,CALM,dynamic,0.0048728653463206,0.0621720060796101,0.3585032495274799,0.2417879339883715,0.0192915235859966,0.0,0.0294495305093313,0.0679742614437805,0.34959932271329136,0.0121566706530149,0.0113628875203808,0.0785966965612351,0.0243082668003202,0.2142274394980866,0.0012967570123849,0.0076506046678689,0.0121000044616444,0.0046620390818961,0.0047786347152435,0.0026593306645048,0.2080901341459013,0.1405339728493009,0.0571752085581352,1.2881367723059221e-17,0.0103809527384652,0.0317227346774706,0.0317227346774706,0.018757252543398002,0.0156798660262431,0.0030773865171549,1.8861986363330216e-18,0.0212273019308135,0.0185730614607526,0.0026542404700609,0.6,48.0,2019-03-31,2019-04-01
2019-05-31,NORMAL,dynamic,0.0048561304530066,0.0621720060796101,0.3503961551732768,0.2415321930978649,0.0156555940277233,6.237735386425082e-18,0.031077189593455,0.0621311784542336,0.3533367447177711,0.0158626802916031,0.0124140049655459,0.0851059553462407,0.0221691095544187,0.210452697829218,0.0,0.0073322967307447,0.013633016825822002,0.0083287453149554,1.6501871738862594e-18,0.0053042715108666,0.2097453623447284,0.1542969383617687,0.0467786620072496,2.1449194090847528e-17,0.0086697619757101,0.0332335032617941,0.0332335032617941,0.0174107199873438,0.0149311888207668,0.002479531166577,2.5683365183598903e-19,0.022244497689263197,0.0140696865955652,0.008174811093698,0.6,48.0,2019-04-30,2019-05-01
2019-06-28,NORMAL,dynamic,0.0048423948316463,0.0621720060796101,0.3333758458451144,0.2393523105971641,0.0100509810428559,1.2088203276061086e-18,0.0267829943010206,0.0571895599040738,0.3586852070123794,0.0220150476253953,0.0127865886258885,0.0930504652255626,0.0169090743796094,0.2067453068750356,3.555232339886307e-19,0.007178724280888,0.017069395174234905,0.0093887900767985,5.1644504715625474e-18,0.0076806050974364,0.20113106511330942,0.1509293259531557,0.0368111040010677,1.2826363825312478e-17,0.013390635159086,0.0362219724481415,0.0362219724481415,0.0177430310138053,0.0144076709332349,0.0033353600805704,7.288781681254225e-20,0.0357734833930144,0.0254498482722377,0.0103236351207767,0.6,48.0,2019-05-31,2019-06-03
2019-07-31,NORMAL,dynamic,0.0048271130695325,0.0621720060796101,0.3333758458451144,0.2393523105971641,0.0100509810428559,1.2088203276061086e-18,0.0267829943010206,0.0571895599040738,0.3586852070123794,0.0220150476253953,0.0127865886258885,0.0930504652255626,0.0169090743796094,0.2067453068750356,3.555232339886307e-19,0.007178724280888,0.017069395174234905,0.0093887900767985,5.1644504715625474e-18,0.0076806050974364,0.20113106511330942,0.1509293259531557,0.0368111040010677,1.2826363825312478e-17,0.013390635159086,0.0362219724481415,0.0362219724481415,0.0177430310138053,0.0144076709332349,0.0033353600805704,7.288781681254225e-20,0.0357734833930144,0.0254498482722377,0.0103236351207767,0.6,48.0,2019-06-30,2019-07-01
2019-08-30,NORMAL,dynamic,0.0048130803590907,0.0621720060796101,0.3144804760209905,0.2318003777256344,0.009502110826192,0.0,0.0204931805206197,0.0526848069485444,0.3771594708816057,0.02085019157408,0.0164541187023251,0.0951436058886524,0.0212067734541648,0.2117018301360713,0.0030681812961579,0.0087347698301542,0.023588379750216798,0.0117684302234819,0.0,0.0118199495267349,0.187993010187901,0.1331358141431787,0.0399679218893308,1.0689805984633005e-17,0.0148892741553915,0.0403302476242582,0.0403302476242582,0.016109855953490904,0.0122614111632164,0.0038484447902745,1.8905972922738757e-18,0.040338559581535705,0.0269663232616692,0.0133722363198665,0.6,48.0,2019-07-31,2019-08-01
2019-09-30,NORMAL,dynamic,0.0047968557536832,0.0621720060796101,0.30063558670737267,0.2254068427891805,0.0078078392334952,3.2300879786735495e-19,0.022352067283977,0.04506883740072,0.3756576652357285,0.0138512539027817,0.0165977963546545,0.0955031373444354,0.0257889853718587,0.2133688951414572,0.0021933714048461,0.0083542257156949,0.0244489849397689,0.012760242378741,4.3261292927381346e-18,0.0116887425610279,0.1821560643006676,0.118230331500606,0.0480911277575779,6.61688138038337e-18,0.0158346050424837,0.0448173717509109,0.0448173717509109,0.0159227023563292,0.0112561692799982,0.004666533076331,1.7722603891016081e-19,0.0563616247092212,0.0362915730993512,0.02007005160987,0.6,48.0,2019-08-31,2019-09-02
2019-10-31,CALM,dynamic,0.0047835432944189,0.0621720060796101,0.30063558670737267,0.2254068427891805,0.0078078392334952,3.2300879786735495e-19,0.022352067283977,0.04506883740072,0.3756576652357285,0.0138512539027817,0.0165977963546545,0.0955031373444354,0.0257889853718587,0.2133688951414572,0.0021933714048461,0.0083542257156949,0.0244489849397689,0.012760242378741,4.3261292927381346e-18,0.0116887425610279,0.1821560643006676,0.118230331500606,0.0480911277575779,6.61688138038337e-18,0.0158346050424837,0.0448173717509109,0.0448173717509109,0.0159227023563292,0.0112561692799982,0.004666533076331,1.7722603891016081e-19,0.0563616247092212,0.0362915730993512,0.02007005160987,0.6,48.0,2019-09-30,2019-10-01
2019-11-29,CALM,dynamic,0.0047670351916773,0.0621720060796101,0.30063558670737267,0.2254068427891805,0.0078078392334952,3.2300879786735495e-19,0.022352067283977,0.04506883740072,0.3756576652357285,0.0138512539027817,0.0165977963546545,0.0955031373444354,0.0257889853718587,0.2133688951414572,0.0021933714048461,0.0083542257156949,0.0244489849397689,0.012760242378741,4.3261292927381346e-18,0.0116887425610279,0.1821560643006676,0.118230331500606,0.0480911277575779,6.61688138038337e-18,0.0158346050424837,0.0448173717509109,0.0448173717509109,0.0159227023563292,0.0112561692799982,0.004666533076331,1.7722603891016081e-19,0.0563616247092212,0.0362915730993512,0.02007005160987,0.6,48.0,2019-10-31,2019-11-01
2019-12-31,CALM,dynamic,0.0047521535518631,0.0621720060796101,0.3037022563570469,0.2264729154694965,0.0149696389249423,3.187443193117684e-18,0.021039907498259,0.0412197944643491,0.37575039489568424,0.012200949902152,0.0191656273723911,0.0952405570580053,0.0266459861679162,0.2061203956315579,0.0081826571247359,0.0081942216389258,0.0279548071116678,0.0139978092722789,9.97238441524738e-19,0.0139569978393889,0.19755378939278537,0.1286488255812894,0.0493689831615291,6.320963779351948e-17,0.0195359806499668,0.0443795522126038,0.0443795522126038,0.009246569287342802,0.0028940935984897,0.0050891991455721,0.001263276543281,0.0414126307428683,0.0195740600236716,0.0218385707191967,0.6,48.0,2019-11-30,2019-12-02
2020-01-31,NORMAL,dynamic,0.0047605119200014,0.0621720060796101,0.3107519959209586,0.22689397885242,0.0198935491826181,1.5985468124778684e-20,0.0210973766250227,0.0428670912608978,0.3858573101488427,0.0134222406378886,0.021957292845203,0.0952130963541269,0.0288868734901562,0.2038799933968746,0.0128264642762779,0.0096713491483155,0.0325499361001495,0.0151358987836303,0.0,0.0174140373165192,0.18080875433117588,0.1010320499133169,0.0502702161432876,0.008874834186757,0.0206316540878144,0.0452652726134173,0.0452652726134173,0.0112364925926094,0.0006611247398784,0.0060628094602157,0.0045125583925153,0.033530238292845696,0.0117247795937109,0.0218054586991348,0.6,48.0,2019-12-31,2020-01-01
2020-02-28,STRESS,dynamic,0.0047456834207605,0.0621720060796101,0.3107519959209586,0.22689397885242,0.0198935491826181,1.5985468124778684e-20,0.0210973766250227,0.0428670912608978,0.3858573101488427,0.0134222406378886,0.021957292845203,0.0952130963541269,0.0288868734901562,0.2038799933968746,0.0128264642762779,0.0096713491483155,0.0325499361001495,0.0151358987836303,0.0,0.0174140373165192,0.18080875433117588,0.1010320499133169,0.0502702161432876,0.008874834186757,0.0206316540878144,0.0452652726134173,0.0452652726134173,0.0112364925926094,0.0006611247398784,0.0060628094602157,0.0045125583925153,0.033530238292845696,0.0117247795937109,0.0218054586991348,0.6,48.0,2020-01-31,2020-02-03
2020-03-31,STRESS,dynamic,0.0047303781068521,0.0621720060796101,0.3107519959209586,0.22689397885242,0.0198935491826181,1.5985468124778684e-20,0.0210973766250227,0.0428670912608978,0.3858573101488427,0.0134222406378886,0.021957292845203,0.0952130963541269,0.0288868734901562,0.2038799933968746,0.0128264642762779,0.0096713491483155,0.0325499361001495,0.0151358987836303,0.0,0.0174140373165192,0.18080875433117588,0.1010320499133169,0.0502702161432876,0.008874834186757,0.0206316540878144,0.0452652726134173,0.0452652726134173,0.0112364925926094,0.0006611247398784,0.0060628094602157,0.0045125583925153,0.033530238292845696,0.0117247795937109,0.0218054586991348,0.6,48.0,2020-02-29,2020-03-02
2020-04-30,STRESS,dynamic,0.0047184341309399,0.0621720060796101,0.3032721203815198,0.2196423326222541,0.0211487656601492,3.9461711120330105e-18,0.0225078800208311,0.0399731420782854,0.3972714834665089,0.0164370329336907,0.0274544108237489,0.0996105599214757,0.028279445825273,0.202296471576808,0.0134712639310157,0.0097222984544969,0.0345101630222737,0.0155905695607466,0.0001028838671271,0.0188167095944,0.16867557155836058,0.0817890328250414,0.0442763507438254,0.0172742731609513,0.0253359148285425,0.0435056393495404,0.0435056393495404,0.011246970985131999,4.837903195129171e-20,0.0067402270542272,0.0045067439309048,0.0415180512366636,0.0164944363714373,0.0250236148652263,0.6,48.0,2020-03-31,2020-04-01
2020-05-29,STRESS,dynamic,0.0047085818915687,0.0621720060796101,0.3032721203815198,0.2196423326222541,0.0211487656601492,3.9461711120330105e-18,0.0225078800208311,0.0399731420782854,0.3972714834665089,0.0164370329336907,0.0274544108237489,0.0996105599214757,0.028279445825273,0.202296471576808,0.0134712639310157,0.0097222984544969,0.0345101630222737,0.0155905695607466,0.0001028838671271,0.0188167095944,0.16867557155836058,0.0817890328250414,0.0442763507438254,0.0172742731609513,0.0253359148285425,0.0435056393495404,0.0435056393495404,0.011246970985131999,4.837903195129171e-20,0.0067402270542272,0.0045067439309048,0.0415180512366636,0.0164944363714373,0.0250236148652263,0.6,48.0,2020-04-30,2020-05-01
2020-06-30,STRESS,dynamic,0.0046979473738829,0.0621720060796101,0.3032721203815198,0.2196423326222541,0.0211487656601492,3.9461711120330105e-18,0.0225078800208311,0.0399731420782854,0.3972714834665089,0.0164370329336907,0.0274544108237489,0.0996105599214757,0.028279445825273,0.202296471576808,0.0134712639310157,0.0097222984544969,0.0345101630222737,0.0155905695607466,0.0001028838671271,0.0188167095944,0.16867557155836058,0.0817890328250414,0.0442763507438254,0.0172742731609513,0.0253359148285425,0.0435056393495404,0.0435056393495404,0.011246970985131999,4.837903195129171e-20,0.0067402270542272,0.0045067439309048,0.0415180512366636,0.0164944363714373,0.0250236148652263,0.6,48.0,2020-05-31,2020-06-01
2020-07-31,NORMAL,dynamic,0.0046841466015356,0.0621720060796101,0.3032721203815198,0.2196423326222541,0.0211487656601492,3.9461711120330105e-18,0.0225078800208311,0.0399731420782854,0.3972714834665089,0.0164370329336907,0.0274544108237489,0.0996105599214757,0.028279445825273,0.202296471576808,0.0134712639310157,0.0097222984544969,0.0345101630222737,0.0155905695607466,0.0001028838671271,0.0188167095944,0.16867557155836058,0.0817890328250414,0.0442763507438254,0.0172742731609513,0.0253359148285425,0.0435056393495404,0.0435056393495404,0.011246970985131999,4.837903195129171e-20,0.0067402270542272,0.0045067439309048,0.0415180512366636,0.0164944363714373,0.0250236148652263,0.6,48.0,2020-06-30,2020-07-01
2020-08-31,STRESS,dynamic,0.0046701040109137,0.0621720060796101,0.3032721203815198,0.2196423326222541,0.0211487656601492,3.9461711120330105e-18,0.0225078800208311,0.0399731420782854,0.3972714834665089,0.0164370329336907,0.0274544108237489,0.0996105599214757,0.028279445825273,0.202296471576808,0.0134712639310157,0.0097222984544969,0.0345101630222737,0.0155905695607466,0.0001028838671271,0.0188167095944,0.16867557155836058,0.0817890328250414,0.0442763507438254,0.0172742731609513,0.0253359148285425,0.0435056393495404,0.0435056393495404,0.011246970985131999,4.837903195129171e-20,0.0067402270542272,0.0045067439309048,0.0415180512366636,0.0164944363714373,0.0250236148652263,0.6,48.0,2020-07-31,2020-08-03
2020-09-30,STRESS,dynamic,0.0046563562705852,0.0621720060796101,0.3032721203815198,0.2196423326222541,0.0211487656601492,3.9461711120330105e-18,0.0225078800208311,0.0399731420782854,0.3972714834665089,0.0164370329336907,0.0274544108237489,0.0996105599214757,0.028279445825273,0.202296471576808,0.0134712639310157,0.0097222984544969,0.0345101630222737,0.0155905695607466,0.0001028838671271,0.0188167095944,0.16867557155836058,0.0817890328250414,0.0442763507438254,0.0172742731609513,0.0253359148285425,0.0435056393495404,0.0435056393495404,0.011246970985131999,4.837903195129171e-20,0.0067402270542272,0.0045067439309048,0.0415180512366636,0.0164944363714373,0.0250236148652263,0.6,48.0,2020-08-31,2020-09-01
2020-10-30,STRESS,dynamic,0.0046433525021466,0.0621720060796101,0.3032721203815198,0.2196423326222541,0.0211487656601492,3.9461711120330105e-18,0.0225078800208311,0.0399731420782854,0.3972714834665089,0.0164370329336907,0.0274544108237489,0.0996105599214757,0.028279445825273,0.202296471576808,0.0134712639310157,0.0097222984544969,0.0345101630222737,0.0155905695607466,0.0001028838671271,0.0188167095944,0.16867557155836058,0.0817890328250414,0.0442763507438254,0.0172742731609513,0.0253359148285425,0.0435056393495404,0.0435056393495404,0.011246970985131999,4.837903195129171e-20,0.0067402270542272,0.0045067439309048,0.0415180512366636,0.0164944363714373,0.0250236148652263,0.6,48.0,2020-09-30,2020-10-01
2020-11-30,NORMAL,dynamic,0.0046442445851193,0.0621720060796101,0.3032721203815198,0.2196423326222541,0.0211487656601492,3.9461711120330105e-18,0.0225078800208311,0.0399731420782854,0.3972714834665089,0.0164370329336907,0.0274544108237489,0.0996105599214757,0.028279445825273,0.202296471576808,0.0134712639310157,0.0097222984544969,0.0345101630222737,0.0155905695607466,0.0001028838671271,0.0188167095944,0.16867557155836058,0.0817890328250414,0.0442763507438254,0.0172742731609513,0.0253359148285425,0.0435056393495404,0.0435056393495404,0.011246970985131999,4.837903195129171e-20,0.0067402270542272,0.0045067439309048,0.0415180512366636,0.0164944363714373,0.0250236148652263,0.6,48.0,2020-10-31,2020-11-02
2020-12-31,NORMAL,dynamic,0.0046320167497983,0.0621720060796101,0.3032721203815198,0.2196423326222541,0.0211487656601492,3.9461711120330105e-18,0.0225078800208311,0.0399731420782854,0.3972714834665089,0.0164370329336907,0.0274544108237489,0.0996105599214757,0.028279445825273,0.202296471576808,0.0134712639310157,0.0097222984544969,0.0345101630222737,0.0155905695607466,0.0001028838671271,0.0188167095944,0.16867557155836058,0.0817890328250414,0.0442763507438254,0.0172742731609513,0.0253359148285425,0.0435056393495404,0.0435056393495404,0.011246970985131999,4.837903195129171e-20,0.0067402270542272,0.0045067439309048,0.0415180512366636,0.0164944363714373,0.0250236148652263,0.6,48.0,2020-11-30,2020-12-01
2021-01-29,STRESS,dynamic,0.0046185388894,0.0621720060796101,0.3032721203815198,0.2196423326222541,0.0211487656601492,3.9461711120330105e-18,0.0225078800208311,0.0399731420782854,0.3972714834665089,0.0164370329336907,0.0274544108237489,0.0996105599214757,0.028279445825273,0.202296471576808,0.0134712639310157,0.0097222984544969,0.0345101630222737,0.0155905695607466,0.0001028838671271,0.0188167095944,0.16867557155836058,0.0817890328250414,0.0442763507438254,0.0172742731609513,0.0253359148285425,0.0435056393495404,0.0435056393495404,0.011246970985131999,4.837903195129171e-20,0.0067402270542272,0.0045067439309048,0.0415180512366636,0.0164944363714373,0.0250236148652263,0.6,48.0,2020-12-31,2021-01-01
2021-02-26,STRESS,dynamic,0.0046429843354953,0.0621720060796101,0.3032721203815198,0.2196423326222541,0.0211487656601492,3.9461711120330105e-18,0.0225078800208311,0.0399731420782854,0.3972714834665089,0.0164370329336907,0.0274544108237489,0.0996105599214757,0.028279445825273,0.202296471576808,0.0134712639310157,0.0097222984544969,0.0345101630222737,0.0155905695607466,0.0001028838671271,0.0188167095944,0.16867557155836058,0.0817890328250414,0.0442763507438254,0.0172742731609513,0.0253359148285425,0.0435056393495404,0.0435056393495404,0.011246970985131999,4.837903195129171e-20,0.0067402270542272,0.0045067439309048,0.0415180512366636,0.0164944363714373,0.0250236148652263,0.6,48.0,2021-01-31,2021-02-01
2021-03-31,NORMAL,dynamic,0.0046354346786707,0.0621720060796101,0.3032721203815198,0.2196423326222541,0.0211487656601492,3.9461711120330105e-18,0.0225078800208311,0.0399731420782854,0.3972714834665089,0.0164370329336907,0.0274544108237489,0.0996105599214757,0.028279445825273,0.202296471576808,0.0134712639310157,0.0097222984544969,0.0345101630222737,0.0155905695607466,0.0001028838671271,0.0188167095944,0.16867557155836058,0.0817890328250414,0.0442763507438254,0.0172742731609513,0.0253359148285425,0.0435056393495404,0.0435056393495404,0.011246970985131999,4.837903195129171e-20,0.0067402270542272,0.0045067439309048,0.0415180512366636,0.0164944363714373,0.0250236148652263,0.6,48.0,2021-02-28,2021-03-01
2021-04-30,NORMAL,dynamic,0.0046280833491737,0.0621720060796101,0.3032721203815198,0.2196423326222541,0.0211487656601492,3.9461711120330105e-18,0.0225078800208311,0.0399731420782854,0.3972714834665089,0.0164370329336907,0.0274544108237489,0.0996105599214757,0.028279445825273,0.202296471576808,0.0134712639310157,0.0097222984544969,0.0345101630222737,0.0155905695607466,0.0001028838671271,0.0188167095944,0.16867557155836058,0.0817890328250414,0.0442763507438254,0.0172742731609513,0.0253359148285425,0.0435056393495404,0.0435056393495404,0.011246970985131999,4.837903195129171e-20,0.0067402270542272,0.0045067439309048,0.0415180512366636,0.0164944363714373,0.0250236148652263,0.6,48.0,2021-03-31,2021-04-01
2021-05-28,NORMAL,dynamic,0.0046197498291606,0.0621720060796101,0.3032721203815198,0.2196423326222541,0.0211487656601492,3.9461711120330105e-18,0.0225078800208311,0.0399731420782854,0.3972714834665089,0.0164370329336907,0.0274544108237489,0.0996105599214757,0.028279445825273,0.202296471576808,0.0134712639310157,0.0097222984544969,0.0345101630222737,0.0155905695607466,0.0001028838671271,0.0188167095944,0.16867557155836058,0.0817890328250414,0.0442763507438254,0.0172742731609513,0.0253359148285425,0.0435056393495404,0.0435056393495404,0.011246970985131999,4.837903195129171e-20,0.0067402270542272,0.0045067439309048,0.0415180512366636,0.0164944363714373,0.0250236148652263,0.6,48.0,2021-04-30,2021-05-03
2021-06-30,NORMAL,dynamic,0.0046061717094696,0.0621720060796101,0.3185243569934339,0.2256664636771213,0.0239323756770418,2.7275614987124422e-18,0.0260114132839478,0.042914104355323,0.3934581431354602,0.0140231780024958,0.0255151014361946,0.0980911841150605,0.0320628808455935,0.202055470079613,0.0112917286637549,0.0104185999927479,0.032205617846888496,0.0116305993318311,0.0009211112226471,0.0196539072924103,0.161160767034117,0.0928941405141754,0.045493361447655,3.9801310877681904e-20,0.0227732650722866,0.0446470021133926,0.0446470021133926,0.0140038545514126,0.0025206137696914,0.0062153962681948,0.0052678445135264,0.0360002583252937,0.0091092395661504,0.0268910187591433,0.6,48.0,2021-05-31,2021-06-01
2021-07-30,NORMAL,dynamic,0.0045926850011877,0.0621720060796101,0.3185243569934341,0.2256664636771214,0.0239323756770419,2.7275614987124426e-18,0.0260114132839478,0.042914104355323,0.3934581431354605,0.0140231780024958,0.0255151014361947,0.0980911841150606,0.0320628808455935,0.2020554700796131,0.0112917286637549,0.0104185999927479,0.032205617846888496,0.0116305993318311,0.0009211112226471,0.0196539072924103,0.16116076703411691,0.0928941405141753,0.045493361447655,3.980131087768191e-20,0.0227732650722866,0.0446470021133927,0.0446470021133927,0.0140038545514126,0.0025206137696914,0.0062153962681948,0.0052678445135264,0.0360002583252938,0.0091092395661504,0.0268910187591434,0.6,48.0,2021-06-30,2021-07-01
2021-08-31,NORMAL,dynamic,0.0046074360728822,0.0621720060796101,0.3109001132270677,0.2245105687580667,0.0230618907560729,0.0,0.0245191698760792,0.0388084838368489,0.3795789766861484,0.0137052835499236,0.0212847632286448,0.0964551471296223,0.0323114813923791,0.1996426292237253,0.0074418587690747,0.0087378133927785,0.02794614574347592,0.0094967477871265,2.0167197838957552e-17,0.0184493979563494,0.19164031697140949,0.1291118784324314,0.0420057791751783,5.727563302414878e-17,0.0205226593637997,0.0454585952338306,0.0454585952338306,0.0089430594212275,0.0020128265731155,0.0026049152863667,0.0043253175617453,0.0355327927168396,0.0059197076676742,0.0296130850491654,0.6,48.0,2021-07-31,2021-08-02
2021-09-30,NORMAL,dynamic,0.0046057707997451,0.0621720060796101,0.3023105029043668,0.2268506497979852,0.0191431068047703,0.0,0.0238253971646728,0.0324913491369385,0.37174628104660024,0.0120236637356487,0.016641443602807,0.0920029228195872,0.0368100282860015,0.2013440633559072,0.0054824303968899,0.0074417288497587,0.027086885477518106,0.0087259772126267,4.449567508445876e-18,0.0183609082648914,0.2128123184247877,0.154910418774422,0.0398692988427631,0.0,0.0180326008076026,0.0495646994900378,0.0495646994900378,0.0042885030088945005,0.0013103273436034,0.0,0.0029781756652911,0.0321908096477941,0.0010224319410115,0.0311683777067826,0.6,48.0,2021-08-31,2021-09-01
2021-10-29,NORMAL,dynamic,0.0045984252903026,0.0621720060796101,0.3023105029043668,0.2268506497979852,0.0191431068047703,0.0,0.0238253971646728,0.0324913491369385,0.37174628104660024,0.0120236637356487,0.016641443602807,0.0920029228195872,0.0368100282860015,0.2013440633559072,0.0054824303968899,0.0074417288497587,0.027086885477518106,0.0087259772126267,4.449567508445876e-18,0.0183609082648914,0.2128123184247877,0.154910418774422,0.0398692988427631,0.0,0.0180326008076026,0.0495646994900378,0.0495646994900378,0.0042885030088945005,0.0013103273436034,0.0,0.0029781756652911,0.0321908096477941,0.0010224319410115,0.0311683777067826,0.6,48.0,2021-09-30,2021-10-01
2021-11-30,STRESS,dynamic,0.0046159268082546,0.0621720060796101,0.3023105029043668,0.2268506497979852,0.0191431068047703,0.0,0.0238253971646728,0.0324913491369385,0.37174628104660024,0.0120236637356487,0.016641443602807,0.0920029228195872,0.0368100282860015,0.2013440633559072,0.0054824303968899,0.0074417288497587,0.027086885477518106,0.0087259772126267,4.449567508445876e-18,0.0183609082648914,0.2128123184247877,0.154910418774422,0.0398692988427631,0.0,0.0180326008076026,0.0495646994900378,0.0495646994900378,0.0042885030088945005,0.0013103273436034,0.0,0.0029781756652911,0.0321908096477941,0.0010224319410115,0.0311683777067826,0.6,48.0,2021-10-31,2021-11-01
2021-12-31,NORMAL,dynamic,0.0046036917268809,0.0621720060796101,0.3023105029043668,0.2268506497979852,0.0191431068047703,0.0,0.0238253971646728,0.0324913491369385,0.37174628104660024,0.0120236637356487,0.016641443602807,0.0920029228195872,0.0368100282860015,0.2013440633559072,0.0054824303968899,0.0074417288497587,0.027086885477518106,0.0087259772126267,4.449567508445876e-18,0.0183609082648914,0.2128123184247877,0.154910418774422,0.0398692988427631,0.0,0.0180326008076026,0.0495646994900378,0.0495646994900378,0.0042885030088945005,0.0013103273436034,0.0,0.0029781756652911,0.0321908096477941,0.0010224319410115,0.0311683777067826,0.6,48.0,2021-11-30,2021-12-01
2022-01-31,NORMAL,dynamic,0.0045966683618776,0.0621720060796101,0.3023105029043668,0.2268506497979852,0.0191431068047703,0.0,0.0238253971646728,0.0324913491369385,0.37174628104660024,0.0120236637356487,0.016641443602807,0.0920029228195872,0.0368100282860015,0.2013440633559072,0.0054824303968899,0.0074417288497587,0.027086885477518106,0.0087259772126267,4.449567508445876e-18,0.0183609082648914,0.2128123184247877,0.154910418774422,0.0398692988427631,0.0,0.0180326008076026,0.0495646994900378,0.0495646994900378,0.0042885030088945005,0.0013103273436034,0.0,0.0029781756652911,0.0321908096477941,0.0010224319410115,0.0311683777067826,0.6,48.0,2021-12-31,2022-01-03
2022-02-28,STRESS,dynamic,0.0045896371390682,0.0621720060796101,0.3170047008726803,0.2286172067539349,0.0179620101127727,0.0,0.0352801193716096,0.0351453646343631,0.3651987125342613,0.0145829999967474,0.0147247664366517,0.0878725819682173,0.0335478991265106,0.1999955741412834,0.0080427404092785,0.0064321504555724,0.0180757070564703,0.0015132426568808,0.0005634949886175,0.015998969410972,0.2098658992559905,0.1530559321466313,0.0281473798572307,0.0,0.0286625872521285,0.0499351067419125,0.0499351067419125,0.0019179773911438,0.0019179773911438,0.0,0.0,0.0380018961475404,0.0,0.0380018961475404,0.6,48.0,2022-01-31,2022-02-01
2022-03-31,NORMAL,dynamic,0.0045885917056888,0.0621720060796101,0.3170047008726803,0.2286172067539349,0.0179620101127727,0.0,0.0352801193716096,0.0351453646343631,0.3651987125342613,0.0145829999967474,0.0147247664366517,0.0878725819682173,0.0335478991265106,0.1999955741412834,0.0080427404092785,0.0064321504555724,0.0180757070564703,0.0015132426568808,0.0005634949886175,0.015998969410972,0.2098658992559905,0.1530559321466313,0.0281473798572307,0.0,0.0286625872521285,0.0499351067419125,0.0499351067419125,0.0019179773911438,0.0019179773911438,0.0,0.0,0.0380018961475404,0.0,0.0380018961475404,0.6,48.0,2022-02-28,2022-03-01
2022-04-29,STRESS,dynamic,0.0045830406203281,0.0621720060796101,0.3170047008726803,0.2286172067539349,0.0179620101127727,0.0,0.0352801193716096,0.0351453646343631,0.3651987125342613,0.0145829999967474,0.0147247664366517,0.0878725819682173,0.0335478991265106,0.1999955741412834,0.0080427404092785,0.0064321504555724,0.0180757070564703,0.0015132426568808,0.0005634949886175,0.015998969410972,0.2098658992559905,0.1530559321466313,0.0281473798572307,0.0,0.0286625872521285,0.0499351067419125,0.0499351067419125,0.0019179773911438,0.0019179773911438,0.0,0.0,0.0380018961475404,0.0,0.0380018961475404,0.6,48.0,2022-03-31,2022-04-01
2022-05-31,STRESS,dynamic,0.0045711214499982,0.0621720060796101,0.3170047008726803,0.2286172067539349,0.0179620101127727,0.0,0.0352801193716096,0.0351453646343631,0.3651987125342613,0.0145829999967474,0.0147247664366517,0.0878725819682173,0.0335478991265106,0.1999955741412834,0.0080427404092785,0.0064321504555724,0.0180757070564703,0.0015132426568808,0.0005634949886175,0.015998969410972,0.2098658992559905,0.1530559321466313,0.0281473798572307,0.0,0.0286625872521285,0.0499351067419125,0.0499351067419125,0.0019179773911438,0.0019179773911438,0.0,0.0,0.0380018961475404,0.0,0.0380018961475404,0.6,48.0,2022-04-30,2022-05-02
2022-06-30,STRESS,dynamic,0.0045585614777948,0.0621720060796101,0.3170047008726803,0.2286172067539349,0.0179620101127727,0.0,0.0352801193716096,0.0351453646343631,0.3651987125342613,0.0145829999967474,0.0147247664366517,0.0878725819682173,0.0335478991265106,0.1999955741412834,0.0080427404092785,0.0064321504555724,0.0180757070564703,0.0015132426568808,0.0005634949886175,0.015998969410972,0.2098658992559905,0.1530559321466313,0.0281473798572307,0.0,0.0286625872521285,0.0499351067419125,0.0499351067419125,0.0019179773911438,0.0019179773911438,0.0,0.0,0.0380018961475404,0.0,0.0380018961475404,0.6,48.0,2022-05-31,2022-06-01
2022-07-29,NORMAL,dynamic,0.0045463490462687,0.0621720060796101,0.3170047008726803,0.2286172067539349,0.0179620101127727,0.0,0.0352801193716096,0.0351453646343631,0.3651987125342613,0.0145829999967474,0.0147247664366517,0.0878725819682173,0.0335478991265106,0.1999955741412834,0.0080427404092785,0.0064321504555724,0.0180757070564703,0.0015132426568808,0.0005634949886175,0.015998969410972,0.2098658992559905,0.1530559321466313,0.0281473798572307,0.0,0.0286625872521285,0.0499351067419125,0.0499351067419125,0.0019179773911438,0.0019179773911438,0.0,0.0,0.0380018961475404,0.0,0.0380018961475404,0.6,48.0,2022-06-30,2022-07-01
2022-08-31,STRESS,dynamic,0.0045430694551998,0.0621720060796101,0.3087679044049294,0.2222391608980373,0.0165132702483611,1.6261148478268125e-18,0.037838397015961,0.03217707624257,0.36017661786113403,0.0146454915791748,0.0145810094163227,0.0857026743446617,0.0355921263335164,0.196568764649165,0.0087376231268551,0.0043489284114383,0.013612220667003105,5.005663005924875e-18,0.0,0.0136122206670031,0.2337225497838156,0.1855604472548969,0.0173639127502436,1.2687663850296436e-17,0.0307981897786751,0.0486671885314678,0.0486671885314678,3.1671040811274554e-17,4.681989824231393e-19,0.0,3.1202841828851415e-17,0.0350535187516492,0.0,0.0350535187516492,0.6,48.0,2022-07-31,2022-08-01
2022-09-30,STRESS,dynamic,0.0045322001745877,0.0621720060796101,0.3087679044049294,0.2222391608980373,0.0165132702483611,1.6261148478268125e-18,0.037838397015961,0.03217707624257,0.36017661786113403,0.0146454915791748,0.0145810094163227,0.0857026743446617,0.0355921263335164,0.196568764649165,0.0087376231268551,0.0043489284114383,0.013612220667003105,5.005663005924875e-18,0.0,0.0136122206670031,0.2337225497838156,0.1855604472548969,0.0173639127502436,1.2687663850296436e-17,0.0307981897786751,0.0486671885314678,0.0486671885314678,3.1671040811274554e-17,4.681989824231393e-19,0.0,3.1202841828851415e-17,0.0350535187516492,0.0,0.0350535187516492,0.6,48.0,2022-08-31,2022-09-01
2022-10-31,STRESS,dynamic,0.0045312399838857,0.0621720060796101,0.3087679044049294,0.2222391608980373,0.0165132702483611,1.6261148478268125e-18,0.037838397015961,0.03217707624257,0.36017661786113403,0.0146454915791748,0.0145810094163227,0.0857026743446617,0.0355921263335164,0.196568764649165,0.0087376231268551,0.0043489284114383,0.013612220667003105,5.005663005924875e-18,0.0,0.0136122206670031,0.2337225497838156,0.1855604472548969,0.0173639127502436,1.2687663850296436e-17,0.0307981897786751,0.0486671885314678,0.0486671885314678,3.1671040811274554e-17,4.681989824231393e-19,0.0,3.1202841828851415e-17,0.0350535187516492,0.0,0.0350535187516492,0.6,48.0,2022-09-30,2022-10-03
2022-11-30,NORMAL,dynamic,0.0045266762432094,0.0621720060796101,0.3087679044049294,0.2222391608980373,0.0165132702483611,1.6261148478268125e-18,0.037838397015961,0.03217707624257,0.36017661786113403,0.0146454915791748,0.0145810094163227,0.0857026743446617,0.0355921263335164,0.196568764649165,0.0087376231268551,0.0043489284114383,0.013612220667003105,5.005663005924875e-18,0.0,0.0136122206670031,0.2337225497838156,0.1855604472548969,0.0173639127502436,1.2687663850296436e-17,0.0307981897786751,0.0486671885314678,0.0486671885314678,3.1671040811274554e-17,4.681989824231393e-19,0.0,3.1202841828851415e-17,0.0350535187516492,0.0,0.0350535187516492,0.6,48.0,2022-10-31,2022-11-01
2022-12-30,NORMAL,dynamic,0.004515810156452,0.0621720060796101,0.3087679044049294,0.2222391608980373,0.0165132702483611,1.6261148478268125e-18,0.037838397015961,0.03217707624257,0.36017661786113403,0.0146454915791748,0.0145810094163227,0.0857026743446617,0.0355921263335164,0.196568764649165,0.0087376231268551,0.0043489284114383,0.013612220667003105,5.005663005924875e-18,0.0,0.0136122206670031,0.2337225497838156,0.1855604472548969,0.0173639127502436,1.2687663850296436e-17,0.0307981897786751,0.0486671885314678,0.0486671885314678,3.1671040811274554e-17,4.681989824231393e-19,0.0,3.1202841828851415e-17,0.0350535187516492,0.0,0.0350535187516492,0.6,48.0,2022-11-30,2022-12-01
2023-01-31,NORMAL,dynamic,0.0045163967611659,0.0621720060796101,0.3071029132306495,0.2149976506940011,0.0211990242900174,3.010009870354437e-18,0.0366215006351611,0.0342847376114699,0.3429753498903941,0.0122826895277403,0.0163298048552783,0.0802814178433657,0.0349668650805233,0.1902402181402332,0.0071369137073497,0.0017374407359036,0.011311090741992508,6.2971554111566714e-18,3.1978276032303597e-18,0.0113110907419925,0.2556820379675591,0.2071192547321872,0.0095371008227604,0.0,0.0390256824126115,0.0462036024196957,0.0462036024196957,1.6486610305671242e-17,2.1180701011783193e-18,9.440490211038629e-18,4.9280499934542954e-18,0.036725005749708106,4.9152407968359635e-18,0.0367250057497081,0.6,48.0,2022-12-31,2023-01-02
2023-02-28,NORMAL,dynamic,0.0045071415543529,0.0621720060796101,0.3071029132306495,0.2149976506940011,0.0211990242900174,3.0100098703544376e-18,0.0366215006351611,0.0342847376114699,0.3429753498903941,0.0122826895277403,0.0163298048552783,0.0802814178433657,0.0349668650805233,0.1902402181402332,0.0071369137073497,0.0017374407359036,0.011311090741992508,6.2971554111566714e-18,3.1978276032303605e-18,0.0113110907419925,0.255682037967559,0.2071192547321871,0.0095371008227604,0.0,0.0390256824126115,0.0462036024196957,0.0462036024196957,1.6486610305671248e-17,2.1180701011783197e-18,9.440490211038632e-18,4.928049993454296e-18,0.03672500574970821,4.915240796835964e-18,0.0367250057497082,0.6,48.0,2023-01-31,2023-02-01
2023-03-31,NORMAL,dynamic,0.0045106375694965,0.0621720060796101,0.3071029132306496,0.2149976506940012,0.0211990242900174,3.0100098703544387e-18,0.0366215006351611,0.0342847376114699,0.3429753498903942,0.0122826895277403,0.0163298048552783,0.0802814178433657,0.0349668650805233,0.1902402181402333,0.0071369137073497,0.0017374407359036,0.011311090741992508,6.297155411156673e-18,3.1978276032303613e-18,0.0113110907419925,0.2556820379675589,0.207119254732187,0.0095371008227604,0.0,0.0390256824126115,0.0462036024196957,0.0462036024196957,1.6486610305671248e-17,2.1180701011783197e-18,9.440490211038632e-18,4.928049993454297e-18,0.03672500574970821,4.915240796835965e-18,0.0367250057497082,0.6,48.0,2023-02-28,2023-03-01
2023-04-28,NORMAL,dynamic,0.0045003615045051,0.0621720060796101,0.3161832881837624,0.2137579437772523,0.0253768054832796,6.979266368574637e-19,0.0376677991017211,0.0393807398215094,0.3500776370629765,0.0134415192061139,0.0185208660375463,0.079797634585158,0.040824159811929,0.1899994449082564,0.0053372823202819,0.002156730193691,0.010805830027937401,8.537637244264493e-19,8.0454962313535765e-19,0.0108058300279374,0.2311347996398438,0.1725029384733154,0.0084225750213179,0.0055912455900229,0.0446180405551876,0.0485894688869669,0.0485894688869669,0.0017533799489743021,0.0005033480996158,2.134554804432975e-18,0.0012500318493585,0.0414555962495374,0.0033498247551997,0.0381057714943377,0.6,48.0,2023-03-31,2023-04-03
2023-05-31,NORMAL,dynamic,0.00448827716352,0.0621720060796101,0.3161832881837624,0.2137579437772523,0.0253768054832796,6.979266368574637e-19,0.0376677991017211,0.0393807398215094,0.3500776370629765,0.0134415192061139,0.0185208660375463,0.079797634585158,0.040824159811929,0.1899994449082564,0.0053372823202819,0.002156730193691,0.010805830027937401,8.537637244264493e-19,8.0454962313535765e-19,0.0108058300279374,0.2311347996398438,0.1725029384733154,0.0084225750213179,0.0055912455900229,0.0446180405551876,0.0485894688869669,0.0485894688869669,0.0017533799489743021,0.0005033480996158,2.134554804432975e-18,0.0012500318493585,0.0414555962495374,0.0033498247551997,0.0381057714943377,0.6,48.0,2023-04-30,2023-05-01
2023-06-30,CALM,dynamic,0.0044907050271317,0.0621720060796101,0.3161832881837624,0.2137579437772523,0.0253768054832796,6.979266368574637e-19,0.0376677991017211,0.0393807398215094,0.3500776370629765,0.0134415192061139,0.0185208660375463,0.079797634585158,0.040824159811929,0.1899994449082564,0.0053372823202819,0.002156730193691,0.010805830027937401,8.537637244264493e-19,8.0454962313535765e-19,0.0108058300279374,0.2311347996398438,0.1725029384733154,0.0084225750213179,0.0055912455900229,0.0446180405551876,0.0485894688869669,0.0485894688869669,0.0017533799489743021,0.0005033480996158,2.134554804432975e-18,0.0012500318493585,0.0414555962495374,0.0033498247551997,0.0381057714943377,0.6,48.0,2023-05-31,2023-06-01
2023-07-31,CALM,dynamic,0.0044795849517637,0.0621720060796101,0.320828513008338,0.2155415671943384,0.0293716305650019,4.409379287190466e-18,0.0288255264034484,0.0470897888455493,0.34352299887651067,0.0130337124601368,0.0162357413551137,0.071062036145706,0.0514811655243791,0.1909118862827941,0.0003001835968173,0.0004982735115636,0.0157867978966836,0.0040495043778244,0.0,0.0117372935188592,0.22894047600890116,0.1752362035222869,0.0128135949163901,0.0,0.0408906775702242,0.0501736516803476,0.0501736516803476,0.0025036499516053,0.0,1.1768172802489757e-19,0.0025036499516053,0.038243912577613,0.0024079239869114,0.0358359885907016,0.6,48.0,2023-06-30,2023-07-03
2023-08-31,CALM,dynamic,0.0044690470017415,0.0621720060796101,0.320828513008338,0.2155415671943384,0.0293716305650019,4.409379287190466e-18,0.0288255264034484,0.0470897888455493,0.34352299887651067,0.0130337124601368,0.0162357413551137,0.071062036145706,0.0514811655243791,0.1909118862827941,0.0003001835968173,0.0004982735115636,0.0157867978966836,0.0040495043778244,0.0,0.0117372935188592,0.22894047600890116,0.1752362035222869,0.0128135949163901,0.0,0.0408906775702242,0.0501736516803476,0.0501736516803476,0.0025036499516053,0.0,1.1768172802489757e-19,0.0025036499516053,0.038243912577613,0.0024079239869114,0.0358359885907016,0.6,48.0,2023-07-31,2023-08-01
2023-09-29,NORMAL,dynamic,0.0044572053101629,0.0621720060796101,0.320828513008338,0.2155415671943384,0.0293716305650019,4.409379287190466e-18,0.0288255264034484,0.0470897888455493,0.34352299887651067,0.0130337124601368,0.0162357413551137,0.071062036145706,0.0514811655243791,0.1909118862827941,0.0003001835968173,0.0004982735115636,0.0157867978966836,0.0040495043778244,0.0,0.0117372935188592,0.22894047600890116,0.1752362035222869,0.0128135949163901,0.0,0.0408906775702242,0.0501736516803476,0.0501736516803476,0.0025036499516053,0.0,1.1768172802489757e-19,0.0025036499516053,0.038243912577613,0.0024079239869114,0.0358359885907016,0.6,48.0,2023-08-31,2023-09-01
2023-10-31,NORMAL,dynamic,0.0044485067196633,0.0621720060796101,0.3241984503795329,0.2152235102639992,0.0378703720335752,1.4932347860351968e-18,0.0232038879101193,0.0479006801718392,0.3339900928154658,0.0105504589900765,0.0166572121059043,0.0599440137619362,0.0610841800002804,0.1843677839632891,0.0013864439939793,0.0,0.0180499365393037,0.0043335389885663,0.0044834395283569,0.0092329580223805,0.24049445707074169,0.1810931549391753,0.0142786095068569,1.878955159117056e-16,0.0451226926247093,0.0438886439476921,0.0438886439476921,0.0057618142825014065,1.2802204482396316e-18,4.763897004529685e-18,0.0057618142825014,0.0336166049647615,0.0002881757588572,0.0333284292059043,0.6,48.0,2023-09-30,2023-10-02
2023-11-30,CALM,dynamic,0.00444923509134,0.0621720060796101,0.3241984503795329,0.2152235102639992,0.0378703720335752,1.4932347860351968e-18,0.0232038879101193,0.0479006801718392,0.3339900928154658,0.0105504589900765,0.0166572121059043,0.0599440137619362,0.0610841800002804,0.1843677839632891,0.0013864439939793,0.0,0.0180499365393037,0.0043335389885663,0.0044834395283569,0.0092329580223805,0.24049445707074169,0.1810931549391753,0.0142786095068569,1.878955159117056e-16,0.0451226926247093,0.0438886439476921,0.0438886439476921,0.0057618142825014065,1.2802204482396316e-18,4.763897004529685e-18,0.0057618142825014,0.0336166049647615,0.0002881757588572,0.0333284292059043,0.6,48.0,2023-10-31,2023-11-01
2023-12-29,CALM,dynamic,0.0044395264687372,0.0621720060796101,0.3241984503795329,0.2152235102639992,0.0378703720335752,1.4932347860351968e-18,0.0232038879101193,0.0479006801718392,0.3339900928154658,0.0105504589900765,0.0166572121059043,0.0599440137619362,0.0610841800002804,0.1843677839632891,0.0013864439939793,0.0,0.0180499365393037,0.0043335389885663,0.0044834395283569,0.0092329580223805,0.24049445707074169,0.1810931549391753,0.0142786095068569,1.878955159117056e-16,0.0451226926247093,0.0438886439476921,0.0438886439476921,0.0057618142825014065,1.2802204482396316e-18,4.763897004529685e-18,0.0057618142825014,0.0336166049647615,0.0002881757588572,0.0333284292059043,0.6,48.0,2023-11-30,2023-12-01
2024-01-31,CALM,dynamic,0.0044487755823598,0.0621720060796101,0.3241984503795329,0.2152235102639992,0.0378703720335752,1.4932347860351968e-18,0.0232038879101193,0.0479006801718392,0.3339900928154658,0.0105504589900765,0.0166572121059043,0.0599440137619362,0.0610841800002804,0.1843677839632891,0.0013864439939793,0.0,0.0180499365393037,0.0043335389885663,0.0044834395283569,0.0092329580223805,0.24049445707074169,0.1810931549391753,0.0142786095068569,1.878955159117056e-16,0.0451226926247093,0.0438886439476921,0.0438886439476921,0.0057618142825014065,1.2802204482396316e-18,4.763897004529685e-18,0.0057618142825014,0.0336166049647615,0.0002881757588572,0.0333284292059043,0.6,48.0,2023-12-31,2024-01-01
2024-02-29,CALM,dynamic,0.0044771788603145,0.0621720060796101,0.3241984503795329,0.2152235102639992,0.0378703720335752,1.4932347860351968e-18,0.0232038879101193,0.0479006801718392,0.3339900928154658,0.0105504589900765,0.0166572121059043,0.0599440137619362,0.0610841800002804,0.1843677839632891,0.0013864439939793,0.0,0.0180499365393037,0.0043335389885663,0.0044834395283569,0.0092329580223805,0.24049445707074169,0.1810931549391753,0.0142786095068569,1.878955159117056e-16,0.0451226926247093,0.0438886439476921,0.0438886439476921,0.0057618142825014065,1.2802204482396316e-18,4.763897004529685e-18,0.0057618142825014,0.0336166049647615,0.0002881757588572,0.0333284292059043,0.6,48.0,2024-01-31,2024-02-01
2024-03-28,CALM,dynamic,0.0044678734934138,0.0621720060796101,0.3241984503795329,0.2152235102639992,0.0378703720335752,1.4932347860351968e-18,0.0232038879101193,0.0479006801718392,0.3339900928154658,0.0105504589900765,0.0166572121059043,0.0599440137619362,0.0610841800002804,0.1843677839632891,0.0013864439939793,0.0,0.0180499365393037,0.0043335389885663,0.0044834395283569,0.0092329580223805,0.24049445707074169,0.1810931549391753,0.0142786095068569,1.878955159117056e-16,0.0451226926247093,0.0438886439476921,0.0438886439476921,0.0057618142825014065,1.2802204482396316e-18,4.763897004529685e-18,0.0057618142825014,0.0336166049647615,0.0002881757588572,0.0333284292059043,0.6,48.0,2024-02-29,2024-03-01
2024-04-30,NORMAL,dynamic,0.0044564064308791,0.0621720060796101,0.33679904311035297,0.2195922825413452,0.0412316648530586,0.0,0.027299672257002,0.0486754234589472,0.3335905841589121,0.0124054979831914,0.0125493161506462,0.0582189572950045,0.0647667191005397,0.1826963876629329,0.0026580709504932,0.0002956350161042,0.0184862132622229,0.0029512928665696,0.0054866790444073,0.010048241351246,0.22595512222537778,0.1554500533991205,0.0181343225197462,0.0113737630295173,0.0409969832769938,0.0425440497366657,0.0425440497366657,0.008424543660427202,0.0003289975741302,3.280163579925418e-18,0.008095546086297,0.034200443846040304,0.0005948307465951,0.0336056130994452,0.6,48.0,2024-03-31,2024-04-01
2024-05-31,CALM,dynamic,0.0044450066884959,0.0621720060796101,0.34853351708514796,0.2214646443876791,0.0443022425133238,0.0,0.0347814041155051,0.0479852260686399,0.3317729060382136,0.0132084304121367,0.0103502979532574,0.0553869732430864,0.0661152408438866,0.1816189194991333,0.0044044438827046,0.0006886002040085,0.0194980646642793,0.0017476676508684,0.0062983188535093,0.0114520781599016,0.21146100253276962,0.1252318098180806,0.0204912701428471,0.0248764625793477,0.0408614599924942,0.0409001117656098,0.0409001117656098,0.012862259008340302,0.002493739403689,1.6165109045547521e-18,0.0103685196046513,0.0349721389056382,0.00099512265315,0.0339770162524882,0.6,48.0,2024-04-30,2024-05-01
2024-06-28,CALM,dynamic,0.0044365993596515,0.0621720060796101,0.34853351708514796,0.2214646443876791,0.0443022425133238,0.0,0.0347814041155051,0.0479852260686399,0.3317729060382136,0.0132084304121367,0.0103502979532574,0.0553869732430864,0.0661152408438866,0.1816189194991333,0.0044044438827046,0.0006886002040085,0.0194980646642793,0.0017476676508684,0.0062983188535093,0.0114520781599016,0.21146100253276962,0.1252318098180806,0.0204912701428471,0.0248764625793477,0.0408614599924942,0.0409001117656098,0.0409001117656098,0.012862259008340302,0.002493739403689,1.6165109045547521e-18,0.0103685196046513,0.0349721389056382,0.00099512265315,0.0339770162524882,0.6,48.0,2024-05-31,2024-06-03
2024-07-31,NORMAL,dynamic,0.0044277597609283,0.0621720060796101,0.34853351708514796,0.2214646443876791,0.0443022425133238,0.0,0.0347814041155051,0.0479852260686399,0.3317729060382136,0.0132084304121367,0.0103502979532574,0.0553869732430864,0.0661152408438866,0.1816189194991333,0.0044044438827046,0.0006886002040085,0.0194980646642793,0.0017476676508684,0.0062983188535093,0.0114520781599016,0.21146100253276962,0.1252318098180806,0.0204912701428471,0.0248764625793477,0.0408614599924942,0.0409001117656098,0.0409001117656098,0.012862259008340302,0.002493739403689,1.6165109045547521e-18,0.0103685196046513,0.0349721389056382,0.00099512265315,0.0339770162524882,0.6,48.0,2024-06-30,2024-07-01
2024-08-30,CALM,dynamic,0.0044215336183537,0.0621720060796101,0.34853351708514796,0.2214646443876791,0.0443022425133238,0.0,0.0347814041155051,0.0479852260686399,0.3317729060382136,0.0132084304121367,0.0103502979532574,0.0553869732430864,0.0661152408438866,0.1816189194991333,0.0044044438827046,0.0006886002040085,0.0194980646642793,0.0017476676508684,0.0062983188535093,0.0114520781599016,0.21146100253276962,0.1252318098180806,0.0204912701428471,0.0248764625793477,0.0408614599924942,0.0409001117656098,0.0409001117656098,0.012862259008340302,0.002493739403689,1.6165109045547521e-18,0.0103685196046513,0.0349721389056382,0.00099512265315,0.0339770162524882,0.6,48.0,2024-07-31,2024-08-01
2024-09-30,NORMAL,dynamic,0.0044139138206771,0.0621720060796101,0.34988361070156315,0.2177588771060354,0.0453728898186822,0.0,0.0401978740628599,0.0465539697139857,0.33880536574486647,0.0143365038026602,0.0108255333696641,0.0560083644739912,0.0664211598309888,0.1836606149999907,0.0058800183905632,0.0016731708770083,0.0183154862167889,0.0016618511137992,0.0038824555346124,0.0127711795683773,0.1995732638094659,0.095552251025633,0.0187383690363611,0.0425030595700667,0.0427795841774051,0.0399712754429019,0.0399712754429019,0.016528488866393902,0.0046604348214309,2.553258013848568e-18,0.011868054044963,0.0369225092180189,0.0019789114537923,0.0349435977642266,0.6,48.0,2024-08-31,2024-09-02
2024-10-31,NORMAL,dynamic,0.0044030620961423,0.0621720060796101,0.34988361070156315,0.2177588771060354,0.0453728898186822,0.0,0.0401978740628599,0.0465539697139857,0.33880536574486647,0.0143365038026602,0.0108255333696641,0.0560083644739912,0.0664211598309888,0.1836606149999907,0.0058800183905632,0.0016731708770083,0.0183154862167889,0.0016618511137992,0.0038824555346124,0.0127711795683773,0.1995732638094659,0.095552251025633,0.0187383690363611,0.0425030595700667,0.0427795841774051,0.0399712754429019,0.0399712754429019,0.016528488866393902,0.0046604348214309,2.553258013848568e-18,0.011868054044963,0.0369225092180189,0.0019789114537923,0.0349435977642266,0.6,48.0,2024-09-30,2024-10-01
2024-11-29,CALM,dynamic,0.0043920460645547,0.0621720060796101,0.34988361070156315,0.2177588771060354,0.0453728898186822,0.0,0.0401978740628599,0.0465539697139857,0.33880536574486647,0.0143365038026602,0.0108255333696641,0.0560083644739912,0.0664211598309888,0.1836606149999907,0.0058800183905632,0.0016731708770083,0.0183154862167889,0.0016618511137992,0.0038824555346124,0.0127711795683773,0.1995732638094659,0.095552251025633,0.0187383690363611,0.0425030595700667,0.0427795841774051,0.0399712754429019,0.0399712754429019,0.016528488866393902,0.0046604348214309,2.553258013848568e-18,0.011868054044963,0.0369225092180189,0.0019789114537923,0.0349435977642266,0.6,48.0,2024-10-31,2024-11-01
2024-12-31,NORMAL,dynamic,0.0043845500611439,0.0621720060796101,0.3360992144506668,0.2189303329533911,0.0437676890715761,7.231274984047239e-19,0.0252950258544152,0.0481061665712845,0.35128480321141475,0.0167444614772586,0.0154494428046583,0.0537725684669506,0.0697956380106534,0.1886190651852398,0.0040391630835089,0.0028644641831452,0.0179283224092527,0.0037506549865941,3.7738875238113106e-19,0.0141776674226586,0.1963813707409169,0.0824140611126155,0.0198336826723681,0.0446937656853971,0.0494398612705362,0.0375766215911459,0.0375766215911459,0.021460764927729803,0.0083821458268339,0.0009155750335733,0.0121630440673226,0.0392689026688719,0.0031639505800481,0.0361049520888238,0.6,48.0,2024-11-30,2024-12-02
2025-01-31,NORMAL,dynamic,0.0043858388330759,0.0621720060796101,0.3360992144506668,0.2189303329533911,0.0437676890715761,7.231274984047239e-19,0.0252950258544152,0.0481061665712845,0.35128480321141475,0.0167444614772586,0.0154494428046583,0.0537725684669506,0.0697956380106534,0.1886190651852398,0.0040391630835089,0.0028644641831452,0.0179283224092527,0.0037506549865941,3.7738875238113106e-19,0.0141776674226586,0.1963813707409169,0.0824140611126155,0.0198336826723681,0.0446937656853971,0.0494398612705362,0.0375766215911459,0.0375766215911459,0.021460764927729803,0.0083821458268339,0.0009155750335733,0.0121630440673226,0.0392689026688719,0.0031639505800481,0.0361049520888238,0.6,48.0,2024-12-31,2025-01-01
2025-02-28,NORMAL,dynamic,0.0044109237938121,0.0621720060796101,0.3360992144506668,0.2189303329533911,0.0437676890715761,7.231274984047239e-19,0.0252950258544152,0.0481061665712845,0.35128480321141475,0.0167444614772586,0.0154494428046583,0.0537725684669506,0.0697956380106534,0.1886190651852398,0.0040391630835089,0.0028644641831452,0.0179283224092527,0.0037506549865941,3.7738875238113106e-19,0.0141776674226586,0.1963813707409169,0.0824140611126155,0.0198336826723681,0.0446937656853971,0.0494398612705362,0.0375766215911459,0.0375766215911459,0.021460764927729803,0.0083821458268339,0.0009155750335733,0.0121630440673226,0.0392689026688719,0.0031639505800481,0.0361049520888238,0.6,48.0,2025-01-31,2025-02-03
2025-03-31,NORMAL,dynamic,0.0044003601180626,0.0621720060796101,0.33992297915758496,0.2205582901201057,0.0453467691651664,1.1203123855684237e-19,0.0234910766768738,0.0505268431954391,0.35340069049234196,0.0153746512578489,0.0162421783051336,0.0549525935134317,0.0739030333173966,0.1873713597751219,0.0024483201714919,0.0031085541519174,0.0194615391164862,0.0026448852548499,0.0007538290746748,0.0160628247869615,0.1884706058135512,0.0970390713775304,0.0173929708972836,0.0172976218024446,0.0567409417362926,0.0357883739804166,0.0357883739804166,0.0232205579277448,0.0113987571825029,2.1292300401326088e-20,0.0118218007452419,0.0397352535118731,0.0034039804284682,0.0363312730834049,0.6,48.0,2025-02-28,2025-03-03
2025-04-30,NORMAL,dynamic,0.0043946755402252,0.0621720060796101,0.33992297915758496,0.2205582901201057,0.0453467691651664,1.1203123855684237e-19,0.0234910766768738,0.0505268431954391,0.3534006904923421,0.0153746512578489,0.0162421783051336,0.0549525935134317,0.0739030333173966,0.187371359775122,0.0024483201714919,0.0031085541519174,0.0194615391164862,0.0026448852548499,0.0007538290746748,0.0160628247869615,0.1884706058135512,0.0970390713775304,0.0173929708972836,0.0172976218024446,0.0567409417362926,0.0357883739804166,0.0357883739804166,0.0232205579277448,0.0113987571825029,2.129230040132609e-20,0.0118218007452419,0.0397352535118731,0.0034039804284682,0.0363312730834049,0.6,48.0,2025-03-31,2025-04-01
2025-05-30,NORMAL,dynamic,0.0044074049164902,0.0621720060796101,0.33992297915758496,0.2205582901201057,0.0453467691651664,1.1203123855684237e-19,0.0234910766768738,0.0505268431954391,0.3534006904923421,0.0153746512578489,0.0162421783051336,0.0549525935134317,0.0739030333173966,0.187371359775122,0.0024483201714919,0.0031085541519174,0.0194615391164862,0.0026448852548499,0.0007538290746748,0.0160628247869615,0.1884706058135512,0.0970390713775304,0.0173929708972836,0.0172976218024446,0.0567409417362926,0.0357883739804166,0.0357883739804166,0.0232205579277448,0.0113987571825029,2.129230040132609e-20,0.0118218007452419,0.0397352535118731,0.0034039804284682,0.0363312730834049,0.6,48.0,2025-04-30,2025-05-01
2025-06-30,NORMAL,dynamic,0.0043987041129098,0.0621720060796101,0.33992297915758496,0.2205582901201057,0.0453467691651664,1.1203123855684237e-19,0.0234910766768738,0.0505268431954391,0.3534006904923421,0.0153746512578489,0.0162421783051336,0.0549525935134317,0.0739030333173966,0.187371359775122,0.0024483201714919,0.0031085541519174,0.0194615391164862,0.0026448852548499,0.0007538290746748,0.0160628247869615,0.1884706058135512,0.0970390713775304,0.0173929708972836,0.0172976218024446,0.0567409417362926,0.0357883739804166,0.0357883739804166,0.0232205579277448,0.0113987571825029,2.129230040132609e-20,0.0118218007452419,0.0397352535118731,0.0034039804284682,0.0363312730834049,0.6,48.0,2025-05-31,2025-06-02
2025-07-31,NORMAL,dynamic,0.0043881810845974,0.0621720060796101,0.33615045227645957,0.2197975571404356,0.0438308884171682,0.0,0.0213775307707957,0.0511444759480601,0.34585172246998275,0.0130257180069608,0.0161369280566515,0.0539100998014905,0.0735180866231901,0.1864599790907231,0.0007839728879895,0.0020169380029773,0.0172975880937087,0.0029043581590169,9.367909871068457e-19,0.0143932299346918,0.20253488307448592,0.1342615447103682,0.0176777725422415,0.0,0.0505955658218762,0.0359328415517426,0.0359328415517426,0.024691708137503605,0.0125640044397998,4.544304079423974e-18,0.0121277036977038,0.0375408043961158,0.0023105486388484,0.0352302557572674,0.6,48.0,2025-06-30,2025-07-01
2025-08-29,NORMAL,dynamic,0.0043775320267316,0.0621720060796101,0.32877391032253167,0.2189542993934174,0.0401756422339357,0.0,0.0186328658732541,0.0510111028219245,0.3320165490388403,0.0093371115144786,0.0147476542432451,0.0506615190495842,0.0733172135547511,0.1838165917057853,0.0,0.000136458970996,0.0137674158775771,0.0032755733265407,0.0,0.0104918425510364,0.23184751164810352,0.1734854537041612,0.0164093685956584,1.0825238561409979e-16,0.0419526893482838,0.0358265269635404,0.0358265269635404,0.023999552140888003,0.0129688776945929,2.2715534504285226e-18,0.0110306744462951,0.033768534008518196,0.0004295547507737,0.0333389792577445,0.6,48.0,2025-07-31,2025-08-01
2025-09-30,NORMAL,dynamic,0.0043697718325214,0.0621720060796101,0.32877391032253167,0.2189542993934174,0.0401756422339357,0.0,0.0186328658732541,0.0510111028219245,0.3320165490388403,0.0093371115144786,0.0147476542432451,0.0506615190495842,0.0733172135547511,0.1838165917057853,0.0,0.000136458970996,0.0137674158775771,0.0032755733265407,0.0,0.0104918425510364,0.2318475116481034,0.1734854537041611,0.0164093685956584,1.0825238561409984e-16,0.0419526893482838,0.0358265269635404,0.0358265269635404,0.023999552140888003,0.0129688776945929,2.271553450428523e-18,0.0110306744462951,0.033768534008518196,0.0004295547507737,0.0333389792577445,0.6,48.0,2025-08-31,2025-09-01
2025-10-31,NORMAL,dynamic,0.0043677004082319,0.0621720060796101,0.32877391032253167,0.2189542993934174,0.0401756422339357,0.0,0.0186328658732541,0.0510111028219245,0.3320165490388403,0.0093371115144786,0.0147476542432451,0.0506615190495842,0.0733172135547511,0.1838165917057853,0.0,0.000136458970996,0.0137674158775771,0.0032755733265407,0.0,0.0104918425510364,0.2318475116481034,0.1734854537041611,0.0164093685956584,1.0825238561409984e-16,0.0419526893482838,0.0358265269635404,0.0358265269635404,0.023999552140888003,0.0129688776945929,2.271553450428523e-18,0.0110306744462951,0.033768534008518196,0.0004295547507737,0.0333389792577445,0.6,48.0,2025-09-30,2025-10-01
2025-11-28,NORMAL,dynamic,0.0043617611702874,0.0621720060796101,0.32877391032253167,0.2189542993934174,0.0401756422339357,0.0,0.0186328658732541,0.0510111028219245,0.3320165490388403,0.0093371115144786,0.0147476542432451,0.0506615190495842,0.0733172135547511,0.1838165917057853,0.0,0.000136458970996,0.0137674158775771,0.0032755733265407,0.0,0.0104918425510364,0.2318475116481034,0.1734854537041611,0.0164093685956584,1.0825238561409984e-16,0.0419526893482838,0.0358265269635404,0.0358265269635404,0.023999552140888003,0.0129688776945929,2.271553450428523e-18,0.0110306744462951,0.033768534008518196,0.0004295547507737,0.0333389792577445,0.6,48.0,2025-10-31,2025-11-03
2025-12-31,CALM,dynamic,0.0043521272787089,0.0621720060796101,0.32877391032253167,0.2189542993934174,0.0401756422339357,0.0,0.0186328658732541,0.0510111028219245,0.3320165490388403,0.0093371115144786,0.0147476542432451,0.0506615190495842,0.0733172135547511,0.1838165917057853,0.0,0.000136458970996,0.0137674158775771,0.0032755733265407,0.0,0.0104918425510364,0.2318475116481034,0.1734854537041611,0.0164093685956584,1.0825238561409984e-16,0.0419526893482838,0.0358265269635404,0.0358265269635404,0.023999552140888003,0.0129688776945929,2.271553450428523e-18,0.0110306744462951,0.033768534008518196,0.0004295547507737,0.0333389792577445,0.6,48.0,2025-11-30,2025-12-01
