date,regime,weights_mode,alpha,warmup_months,decision_at,effective_from,q_noise,r_noise,subfactor_w_ev_ebitda,subfactor_w_fcf_yield,subfactor_w_earnings_yield,subfactor_w_roic,subfactor_w_net_debt_ebitda,subfactor_w_gross_margin,subfactor_w_rev_growth_ttm,subfactor_w_eps_growth_fy1,subfactor_w_rev_growth_ntm,subfactor_w_return_12m_ex1,subfactor_w_return_6m,subfactor_w_return_12m,subfactor_w_eps_revision_1m,subfactor_w_delta_roic,subfactor_w_delta_gross_margin,subfactor_w_delta_oper_margin,subfactor_w_gp_over_assets,subfactor_w_accruals,subfactor_w_piotroski_f_score,subfactor_w_ev_ebit,subfactor_w_book_to_price,subfactor_w_rd_intensity,subfactor_w_high52w_proximity,subfactor_w_market_beta_756d,subfactor_w_idiosyncratic_vol_63d,factor_w_value,factor_w_quality,factor_w_growth,factor_w_momentum,factor_w_revisions,factor_w_prof_momentum,factor_w_lowvol
2014-01-30,NORMAL,dynamic,0.6,24,2013-12-31,2014-01-01,0.0077681350461503,0.102926526029158,0.0055941586689298,0.0013432466323064,0.0,0.2713078017981888,0.0208819199010407,2.0854268798756098e-17,0.0031695536541462,0.0,0.35,0.1031602349710394,0.0127948956545921,0.0,1.1574599345111609e-17,1.776916304661912e-17,0.0,0.0020185909589894,0.0725032474051836,0.0179023990980754,0.0,0.1149512410346513,0.0243727102228563,3.8110129879339116e-18,3.7326319918532696e-18,3.0054588942331247e-18,0.0,0.1462613565587438,0.3825953682024885,0.35316955365414615,0.11595513062563151,1.1574599345111609e-17,0.0020185909589894176,3.0054588942331247e-18
2014-02-28,CALM,dynamic,0.6,24,2014-01-31,2014-02-03,0.0077236983279241,0.102926526029158,0.0181389176357977,0.0,0.0,0.2616800018836451,0.0215907867670785,0.0,0.0022299294469804,0.0,0.3489145485478031,0.0951618326232081,0.0087671845773072,5.404395781771536e-17,9.844772778361113e-18,5.535942645458089e-18,8.91240126167094e-18,0.0001570656373493,0.0671972145451043,0.0404769591716023,0.0,0.107141035447493,0.0285445237166303,1.6627521452397929e-18,4.344696684263322e-18,6.187919786827485e-18,2.1145118737019536e-18,0.153824476799921,0.3909449623674302,0.35114447799478354,0.10392901720051535,9.844772778361113e-18,0.00015706563734931445,8.302431660529439e-18
2014-03-31,CALM,dynamic,0.6,24,2014-02-28,2014-03-03,0.0076811501913725,0.102926526029158,0.0181389176357977,0.0,0.0,0.2616800018836451,0.0215907867670785,0.0,0.0022299294469804,0.0,0.3489145485478031,0.0951618326232081,0.0087671845773072,5.404395781771536e-17,9.844772778361113e-18,5.535942645458089e-18,8.91240126167094e-18,0.0001570656373493,0.0671972145451043,0.0404769591716023,0.0,0.107141035447493,0.0285445237166303,1.6627521452397929e-18,4.344696684263322e-18,6.187919786827485e-18,2.1145118737019536e-18,0.153824476799921,0.3909449623674302,0.35114447799478354,0.10392901720051535,9.844772778361113e-18,0.00015706563734931445,8.302431660529439e-18
2014-04-30,CALM,dynamic,0.6,24,2014-03-31,2014-04-01,0.007658882136337,0.102926526029158,0.0181389176357977,0.0,0.0,0.2616800018836451,0.0215907867670785,0.0,0.0022299294469804,0.0,0.3489145485478031,0.0951618326232081,0.0087671845773072,5.404395781771536e-17,9.844772778361113e-18,5.535942645458089e-18,8.91240126167094e-18,0.0001570656373493,0.0671972145451043,0.0404769591716023,0.0,0.107141035447493,0.0285445237166303,1.6627521452397929e-18,4.344696684263322e-18,6.187919786827485e-18,2.1145118737019536e-18,0.153824476799921,0.3909449623674302,0.35114447799478354,0.10392901720051535,9.844772778361113e-18,0.00015706563734931445,8.302431660529439e-18
2014-05-30,CALM,dynamic,0.6,24,2014-04-30,2014-05-01,0.0076179318596146,0.102926526029158,0.0181389176357977,0.0,0.0,0.2616800018836451,0.0215907867670785,0.0,0.0022299294469804,0.0,0.3489145485478031,0.0951618326232081,0.0087671845773072,5.404395781771536e-17,9.844772778361113e-18,5.535942645458089e-18,8.91240126167094e-18,0.0001570656373493,0.0671972145451043,0.0404769591716023,0.0,0.107141035447493,0.0285445237166303,1.6627521452397929e-18,4.344696684263322e-18,6.187919786827485e-18,2.1145118737019536e-18,0.153824476799921,0.3909449623674302,0.35114447799478354,0.10392901720051535,9.844772778361113e-18,0.00015706563734931445,8.302431660529439e-18
2014-06-30,CALM,dynamic,0.6,24,2014-05-31,2014-06-02,0.0075781296382031,0.102926526029158,0.0246567577394984,0.0,0.0046667092617437,0.2550148625787753,0.0143940509060666,0.0,0.0023163270878014,0.0011908925838975,0.3465994440860902,0.0811418811006575,0.0,0.0,0.0017017701457028,0.0032833979186696,0.0,3.9456881439424234e-18,0.0663183974434196,0.0480286318535581,0.0,0.1111504794404588,0.0304811069995037,2.1295288201345727e-18,3.6779418790011983e-20,0.0,0.0090552908541559,0.17095505344120462,0.3837559427818196,0.35010666375778915,0.0811418811006575,0.0017017701457028,0.003283397918669604,0.0090552908541559
2014-07-31,NORMAL,dynamic,0.6,24,2014-06-30,2014-07-01,0.0075639982647154,0.102926526029158,0.0246567577394984,0.0,0.0046667092617437,0.2550148625787753,0.0143940509060666,0.0,0.0023163270878014,0.0011908925838975,0.3465994440860902,0.0811418811006575,0.0,0.0,0.0017017701457028,0.0032833979186696,0.0,3.9456881439424234e-18,0.0663183974434196,0.0480286318535581,0.0,0.1111504794404588,0.0304811069995037,2.1295288201345727e-18,3.6779418790011983e-20,0.0,0.0090552908541559,0.17095505344120462,0.3837559427818196,0.35010666375778915,0.0811418811006575,0.0017017701457028,0.003283397918669604,0.0090552908541559
2014-08-29,CALM,dynamic,0.6,24,2014-07-31,2014-08-01,0.0075763195772517,0.102926526029158,0.0222005867806001,1.0994389088832927e-16,0.0014458640889557,0.2515391366105462,0.0080796244454775,7.806079652165351e-17,8.810288339674755e-06,8.082384165845896e-18,0.3429067884604592,0.1211418784318952,1.2204133409270364e-17,0.0,3.52698557842521e-17,0.0001476012225872,1.9339215126787906e-17,0.0,0.0623488851193583,0.0462721871269582,1.3249325746804225e-17,0.1073792803703125,0.0288570075404131,1.38913835344372e-17,1.009679937743826e-17,5.362814768231855e-19,0.0076723495140964,0.1598827387802815,0.3682398333023403,0.34291559874879884,0.12114187843189522,3.52698557842521e-17,0.00014760122258721933,0.007672349514096401
2014-09-30,NORMAL,dynamic,0.6,24,2014-08-31,2014-09-01,0.0075399192099325,0.102926526029158,0.0198053658788307,0.0,8.269998909916253e-06,0.2441853115747461,6.833210661869492e-17,0.0,0.0,6.467414189641803e-18,0.3400798063781786,0.1611418771267976,3.2380481386755792e-18,3.103790693354699e-16,0.0,1.7968004030987066e-17,5.640604154003198e-17,0.0,0.0587606677083997,0.0427699189392972,0.0,0.1018210184711074,0.0254938399375867,0.0,2.1648868251320026e-18,0.0,0.0059339239861454,0.1471284942864347,0.3457158982224431,0.3400798063781786,0.1611418771267979,0.0,7.437404557101905e-17,0.0059339239861454
2014-10-31,CALM,dynamic,0.6,24,2014-09-30,2014-10-01,0.0075112155017713,0.102926526029158,0.016113888697741,4.852615797792988e-16,3.005761201833632e-18,0.2385558757311631,2.2084582462743976e-17,9.835639751856635e-19,2.1076231562031693e-17,7.599710773192235e-18,0.334544711475842,0.2011418747555537,1.2378440620118004e-17,7.136339254317879e-17,0.0,4.5868150247108565e-17,6.989360046494078e-18,3.626229101746522e-17,0.0549176860443996,0.0362634146575691,1.8801786487659643e-19,0.0950124471071354,0.0212076386742147,1.4700189570582013e-17,4.437167892204318e-18,6.343331913978074e-17,0.0022424628563804,0.13233397447909157,0.3297369764331318,0.3345447114758421,0.20114187475555378,0.0,8.911980131106786e-17,0.0022424628563804633
2014-11-28,CALM,dynamic,0.6,24,2014-10-31,2014-11-03,0.0074741781337389,0.102926526029158,0.011613163332005,0.0,0.0,0.2343807235843212,0.0,0.0,0.0,0.0,0.3285943594488838,0.2411418746703004,8.567886492243015e-18,5.879445210514045e-16,2.525623549816563e-17,0.0,0.0,0.0,0.0505993372982101,0.0305457286719878,2.6289310588942165e-17,0.0874707887849602,0.0156540242093306,4.457627351956001e-17,0.0,0.0,0.0,0.1147379763262958,0.31552578955451915,0.3285943594488838,0.241141874670301,2.525623549816563e-17,0.0,0.0
2014-12-31,NORMAL,dynamic,0.6,24,2014-11-30,2014-12-01,0.0074382800724435,0.102926526029158,0.0061237505390738,2.3389452059928123e-16,3.2563660695258935e-17,0.2317283157951176,2.863476717261835e-17,2.923661184173068e-17,2.0787184213320637e-17,2.792062548142144e-17,0.3230395630823427,0.2811418745820904,1.720372631398027e-17,0.0,0.0,3.5600422375718224e-18,0.0,2.029123793708523e-18,0.0468120433413536,0.0235392922872405,1.4140629846788277e-18,0.0779195717114985,0.0096955886612821,2.0516197296596044e-18,2.0370207969321984e-17,6.611443212214352e-17,1.1612059452531873e-17,0.09373891091185467,0.30207965142371174,0.3230395630823428,0.2811418745820904,0.0,5.5891660312803455e-18,7.77264915746754e-17
2015-01-30,NORMAL,dynamic,0.6,24,2014-12-31,2015-01-01,0.0074216927540672,0.102926526029158,0.0061237505390738,2.3389452059928123e-16,3.2563660695258935e-17,0.2317283157951176,2.863476717261835e-17,2.923661184173068e-17,2.0787184213320637e-17,2.792062548142144e-17,0.3230395630823427,0.2811418745820904,1.720372631398027e-17,0.0,0.0,3.5600422375718224e-18,0.0,2.029123793708523e-18,0.0468120433413536,0.0235392922872405,1.4140629846788277e-18,0.0779195717114985,0.0096955886612821,2.0516197296596044e-18,2.0370207969321984e-17,6.611443212214352e-17,1.1612059452531873e-17,0.09373891091185467,0.30207965142371174,0.3230395630823428,0.2811418745820904,0.0,5.5891660312803455e-18,7.77264915746754e-17
2015-02-27,CALM,dynamic,0.6,24,2015-01-31,2015-02-02,0.0073867349590296,0.102926526029158,0.0061237505390738,2.3389452059928123e-16,3.2563660695258935e-17,0.2317283157951176,2.863476717261835e-17,2.923661184173068e-17,2.0787184213320637e-17,2.792062548142144e-17,0.3230395630823427,0.2811418745820904,1.720372631398027e-17,0.0,0.0,3.5600422375718224e-18,0.0,2.029123793708523e-18,0.0468120433413536,0.0235392922872405,1.4140629846788277e-18,0.0779195717114985,0.0096955886612821,2.0516197296596044e-18,2.0370207969321984e-17,6.611443212214352e-17,1.1612059452531873e-17,0.09373891091185467,0.30207965142371174,0.3230395630823428,0.2811418745820904,0.0,5.5891660312803455e-18,7.77264915746754e-17
2015-03-31,NORMAL,dynamic,0.6,24,2015-02-28,2015-03-02,0.0073521122761185,0.102926526029158,0.0061237505390738,2.3389452059928123e-16,3.2563660695258935e-17,0.2317283157951176,2.863476717261835e-17,2.923661184173068e-17,2.0787184213320637e-17,2.792062548142144e-17,0.3230395630823427,0.2811418745820904,1.720372631398027e-17,0.0,0.0,3.5600422375718224e-18,0.0,2.029123793708523e-18,0.0468120433413536,0.0235392922872405,1.4140629846788277e-18,0.0779195717114985,0.0096955886612821,2.0516197296596044e-18,2.0370207969321984e-17,6.611443212214352e-17,1.1612059452531873e-17,0.09373891091185467,0.30207965142371174,0.3230395630823428,0.2811418745820904,0.0,5.5891660312803455e-18,7.77264915746754e-17
2015-04-30,CALM,dynamic,0.6,24,2015-03-31,2015-04-01,0.0073231990208103,0.102926526029158,0.0033697922325991,0.0,0.0,0.2284048219650236,5.874683297960461e-17,0.0,0.0,1.0380567145770942e-17,0.3155541484104311,0.3201816165259423,1.6989458200176674e-17,6.865426501227123e-16,0.0,0.0,2.3588129874396444e-17,3.7310455166609525e-17,0.0435275583286256,0.0172944299115747,0.0,0.0655982943931909,0.0051090821132069,0.0,0.0009602561194046,0.0,1.3353532632319645e-17,0.0740771687389969,0.28922681020522395,0.3155541484104311,0.32114187264534755,0.0,6.089858504100597e-17,1.3353532632319645e-17
2015-05-29,CALM,dynamic,0.6,24,2015-04-30,2015-05-01,0.0072961260276182,0.102926526029158,0.0033697922325991,0.0,0.0,0.2284048219650236,5.874683297960461e-17,0.0,0.0,1.0380567145770942e-17,0.3155541484104311,0.3201816165259423,1.6989458200176674e-17,6.865426501227123e-16,0.0,0.0,2.3588129874396444e-17,3.7310455166609525e-17,0.0435275583286256,0.0172944299115747,0.0,0.0655982943931909,0.0051090821132069,0.0,0.0009602561194046,0.0,1.3353532632319645e-17,0.0740771687389969,0.28922681020522395,0.3155541484104311,0.32114187264534755,0.0,6.089858504100597e-17,1.3353532632319645e-17
2015-06-30,NORMAL,dynamic,0.6,24,2015-05-31,2015-06-01,0.0072702358163615,0.102926526029158,0.0033697922325991,0.0,0.0,0.2284048219650236,5.874683297960461e-17,0.0,0.0,1.0380567145770942e-17,0.3155541484104311,0.3201816165259423,1.6989458200176674e-17,6.865426501227123e-16,0.0,0.0,2.3588129874396444e-17,3.7310455166609525e-17,0.0435275583286256,0.0172944299115747,0.0,0.0655982943931909,0.0051090821132069,0.0,0.0009602561194046,0.0,1.3353532632319645e-17,0.0740771687389969,0.28922681020522395,0.3155541484104311,0.32114187264534755,0.0,6.089858504100597e-17,1.3353532632319645e-17
2015-07-31,CALM,dynamic,0.6,24,2015-06-30,2015-07-01,0.0072387323320031,0.102926526029158,2.6295097438529458e-17,0.002214316672748,4.334913233655903e-17,0.2158330438951263,3.397051268255051e-18,5.704485994954143e-19,0.0018427091285239,5.0865670486927085e-19,0.3126621873227266,0.3499999999999999,0.0022900174719825,2.853224353624453e-16,7.474429944466616e-18,8.936817182301487e-19,3.2170239824341986e-18,2.288007440757596e-18,0.0465736991186527,0.0103697203666051,3.506100279749937e-18,0.056465617877218,3.4857089474754524e-18,1.4477226896529033e-18,0.0017486881464164,1.8811254910249322e-17,1.8237995802242325e-19,0.05867993454996608,0.27277646338038414,0.3145048964512505,0.35403870561839906,7.474429944466616e-18,6.398713141421943e-18,1.8993634868271745e-17
2015-08-31,STRESS,dynamic,0.6,24,2015-07-31,2015-08-03,0.0072089298173795,0.102926526029158,2.6295097438529458e-17,0.002214316672748,4.334913233655903e-17,0.2158330438951263,3.397051268255051e-18,5.704485994954143e-19,0.0018427091285239,5.0865670486927085e-19,0.3126621873227266,0.3499999999999999,0.0022900174719825,2.853224353624453e-16,7.474429944466616e-18,8.936817182301487e-19,3.2170239824341986e-18,2.288007440757596e-18,0.0465736991186527,0.0103697203666051,3.506100279749937e-18,0.056465617877218,3.4857089474754524e-18,1.4477226896529033e-18,0.0017486881464164,1.8811254910249322e-17,1.8237995802242325e-19,0.05867993454996608,0.27277646338038414,0.3145048964512505,0.35403870561839906,7.474429944466616e-18,6.398713141421943e-18,1.8993634868271745e-17
2015-09-30,NORMAL,dynamic,0.6,24,2015-08-31,2015-09-01,0.0071934477778071,0.102926526029158,1.3213187413846705e-17,0.0017681793520209,8.576422838182099e-18,0.2135867149028698,0.0027446556945893,8.366365107865608e-18,0.0061089030246867,2.966028525275853e-18,0.3082796971482453,0.3258294731990604,3.1295276939566178e-18,1.236177293182446e-17,0.0048935153471517,4.8998527932521564e-18,5.949257667839117e-18,0.0016707112377763,0.05055223107934,0.0041484272187278,4.923392890548484e-18,0.0562224123465922,1.5517327774474491e-18,1.7513624949639832e-18,0.0178927107821434,0.0005244782170867,0.005777890449709,0.05799059169861312,0.2710320288955269,0.314388600172932,0.3437221839812038,0.0048935153471517,0.0016707112377763109,0.0063023686667957
2015-10-30,NORMAL,dynamic,0.6,24,2015-09-30,2015-10-01,0.0071659940046471,0.102926526029158,1.3213187413846705e-17,0.0017681793520209,8.576422838182099e-18,0.2135867149028698,0.0027446556945893,8.366365107865608e-18,0.0061089030246867,2.966028525275853e-18,0.3082796971482453,0.3258294731990604,3.1295276939566178e-18,1.236177293182446e-17,0.0048935153471517,4.8998527932521564e-18,5.949257667839117e-18,0.0016707112377763,0.05055223107934,0.0041484272187278,4.923392890548484e-18,0.0562224123465922,1.5517327774474491e-18,1.7513624949639832e-18,0.0178927107821434,0.0005244782170867,0.005777890449709,0.05799059169861312,0.2710320288955269,0.314388600172932,0.3437221839812038,0.0048935153471517,0.0016707112377763109,0.0063023686667957
2015-11-30,NORMAL,dynamic,0.6,24,2015-10-31,2015-11-02,0.0071615559319122,0.102926526029158,0.0003624775807406,0.0,0.0,0.2123833751403702,0.0017840131772495,0.0,0.0007984495462646,0.0008415070972213,0.293065637771592,0.3482049227700649,0.0,7.50348319568999e-17,0.002614194308114,1.908220525559955e-17,0.0,0.0010846205332893,0.0469775156559658,1.2955813447040883e-16,1.8237927093637e-18,0.0517921209996359,0.0,0.0,0.0238468187992376,0.0,0.0162443466202537,0.0521545985803765,0.2611449039735856,0.2947055944150779,0.37205174156930254,0.002614194308114,0.001084620533289319,0.0162443466202537
2015-12-31,NORMAL,dynamic,0.6,24,2015-11-30,2015-12-01,0.0071349007210979,0.102926526029158,0.0003624775807406,0.0,0.0,0.2123833751403702,0.0017840131772495,0.0,0.0007984495462646,0.0008415070972213,0.293065637771592,0.3482049227700649,0.0,7.50348319568999e-17,0.002614194308114,1.908220525559955e-17,0.0,0.0010846205332893,0.0469775156559658,1.2955813447040883e-16,1.8237927093637e-18,0.0517921209996359,0.0,0.0,0.0238468187992376,0.0,0.0162443466202537,0.0521545985803765,0.2611449039735856,0.2947055944150779,0.37205174156930254,0.002614194308114,0.001084620533289319,0.0162443466202537
2016-01-29,NORMAL,dynamic,0.6,24,2015-12-31,2016-01-01,0.0071521371871447,0.102926526029158,0.0066719390569311,2.9315211994102644e-16,1.3936984981220453e-17,0.2219462489797909,0.0,0.0,0.0,0.0032561688122307,0.2879161260351096,0.3499999999999998,0.0052318462967373,0.0,0.0020694386142269,0.0,8.572771455278999e-17,0.000693572677308,0.0396166884449432,0.0,0.0,0.0365698021639367,0.0,0.0,0.0150977451573293,0.004319674477208,0.0266107492842475,0.04324174122086811,0.2615629374247341,0.29117229484734025,0.3703295914540664,0.0020694386142269,0.0006935726773080857,0.0309304237614555
2016-02-29,NORMAL,dynamic,0.6,24,2016-01-31,2016-02-01,0.0071588040898797,0.102926526029158,0.0066719390569311,2.9315211994102644e-16,1.3936984981220453e-17,0.2219462489797908,0.0,0.0,0.0,0.0032561688122307,0.2879161260351096,0.3499999999999998,0.0052318462967373,0.0,0.0020694386142269,0.0,8.572771455278995e-17,0.000693572677308,0.0396166884449432,0.0,0.0,0.0365698021639367,0.0,0.0,0.0150977451573293,0.004319674477208,0.0266107492842475,0.04324174122086811,0.26156293742473397,0.29117229484734025,0.3703295914540664,0.0020694386142269,0.0006935726773080857,0.0309304237614555
2016-03-31,CALM,dynamic,0.6,24,2016-02-29,2016-03-01,0.00716156180084,0.102926526029158,0.0066719390569311,2.9315211994102644e-16,1.3936984981220453e-17,0.2219462489797908,0.0,0.0,0.0,0.0032561688122307,0.2879161260351096,0.3499999999999998,0.0052318462967373,0.0,0.0020694386142269,0.0,8.572771455278994e-17,0.000693572677308,0.0396166884449432,0.0,0.0,0.0365698021639367,0.0,0.0,0.0150977451573293,0.004319674477208,0.0266107492842475,0.04324174122086811,0.26156293742473397,0.29117229484734025,0.3703295914540664,0.0020694386142269,0.0006935726773080857,0.0309304237614555
2016-04-29,NORMAL,dynamic,0.6,24,2016-03-31,2016-04-01,0.0071416679557457,0.102926526029158,0.0066719390569311,2.9315211994102644e-16,1.3936984981220453e-17,0.2219462489797907,0.0,0.0,0.0,0.0032561688122307,0.2879161260351096,0.3499999999999998,0.0052318462967373,0.0,0.0020694386142269,0.0,8.572771455278992e-17,0.000693572677308,0.0396166884449432,0.0,0.0,0.0365698021639367,0.0,0.0,0.0150977451573293,0.004319674477208,0.0266107492842475,0.04324174122086811,0.2615629374247339,0.29117229484734025,0.3703295914540664,0.0020694386142269,0.0006935726773080857,0.0309304237614555
2016-05-31,CALM,dynamic,0.6,24,2016-04-30,2016-05-02,0.007135888908728,0.102926526029158,0.0127664104910269,0.0,3.949688021772654e-16,0.2294393003752704,0.0,0.0076690282748765,4.4206649517201935e-18,0.0105000028305003,0.2846339125819267,0.3499999999999996,0.0024589129402164,1.0468692336525116e-16,0.0008654841326331,2.1046801961827918e-17,0.0,0.0039719388633429,0.0293394535107383,0.0,1.152896544507828e-17,0.0320152822613523,0.0,4.6806617148799e-17,0.0,0.0125409224512087,0.0237993512869068,0.044781692752379594,0.26644778216088527,0.295133915412427,0.3524589129402161,0.0008654841326331,0.003971938863342921,0.0363402737381155
2016-06-30,NORMAL,dynamic,0.6,24,2016-05-31,2016-06-01,0.0071224107802746,0.102926526029158,0.0127664104910269,0.0,3.949688021772654e-16,0.2294393003752704,0.0,0.0076690282748765,4.4206649517201935e-18,0.0105000028305003,0.2846339125819267,0.3499999999999996,0.0024589129402164,1.0468692336525116e-16,0.0008654841326331,2.1046801961827918e-17,0.0,0.0039719388633429,0.0293394535107383,0.0,1.152896544507828e-17,0.0320152822613523,0.0,4.6806617148799e-17,0.0,0.0125409224512087,0.0237993512869068,0.044781692752379594,0.26644778216088527,0.295133915412427,0.3524589129402161,0.0008654841326331,0.003971938863342921,0.0363402737381155
2016-07-29,CALM,dynamic,0.6,24,2016-06-30,2016-07-01,0.0070939230631668,0.102926526029158,0.0107549094582579,0.0,0.0,0.2282133987487714,0.0,0.0179137557573331,0.0,0.0072103830704225,0.2851239901158505,0.3499999999999997,0.0007698110978804,2.6148648235569077e-17,0.0,0.0,0.0,0.0,0.0107967706196984,0.0019751204477925,4.5951060932512926e-17,0.042423375679421,0.0,7.442137353694685e-18,0.0,0.0294229018177073,0.0153955831868648,0.0531782851376789,0.25889904557359544,0.292334373186273,0.3507698110978801,0.0,0.0,0.0448184850045721
2016-08-31,CALM,dynamic,0.6,24,2016-07-31,2016-08-01,0.0070688208848854,0.102926526029158,0.0172332830443569,0.0,0.0006299097083516,0.2239250354766679,0.0,0.0270184774265867,0.0,0.0074104930003673,0.2870464647662293,0.3499999999999997,0.0104130869484385,1.6354668355053684e-16,1.0870361385224767e-17,9.386741680756833e-19,0.0,0.0,0.0058539707762049,0.010422209637804,1.2450064295190201e-17,0.021092221449751,0.0016281670687839,2.1864698537656468e-17,1.2921773338222697e-17,0.0313687770543961,0.0059579036420615,0.0405835812712434,0.26721969331726353,0.2944569577665966,0.3604130869484384,1.0870361385224767e-17,9.386741680756833e-19,0.0373266806964576
2016-09-30,CALM,dynamic,0.6,24,2016-08-31,2016-09-01,0.0070530078639741,0.102926526029158,0.0172332830443569,0.0,0.0006299097083516,0.2239250354766679,0.0,0.0270184774265867,0.0,0.0074104930003673,0.2870464647662293,0.3499999999999997,0.0104130869484385,1.6354668355053684e-16,1.0870361385224767e-17,9.386741680756833e-19,0.0,0.0,0.0058539707762049,0.010422209637804,1.2450064295190201e-17,0.021092221449751,0.0016281670687839,2.1864698537656468e-17,1.2921773338222697e-17,0.0313687770543961,0.0059579036420615,0.0405835812712434,0.26721969331726353,0.2944569577665966,0.3604130869484384,1.0870361385224767e-17,9.386741680756833e-19,0.0373266806964576
2016-10-31,NORMAL,dynamic,0.6,24,2016-09-30,2016-10-03,0.0070259381529809,0.102926526029158,0.0172332830443569,0.0,0.0006299097083516,0.2239250354766679,0.0,0.0270184774265867,0.0,0.0074104930003673,0.2870464647662293,0.3499999999999997,0.0104130869484385,1.6354668355053684e-16,1.0870361385224767e-17,9.386741680756833e-19,0.0,0.0,0.0058539707762049,0.010422209637804,1.2450064295190201e-17,0.021092221449751,0.0016281670687839,2.1864698537656468e-17,1.2921773338222697e-17,0.0313687770543961,0.0059579036420615,0.0405835812712434,0.26721969331726353,0.2944569577665966,0.3604130869484384,1.0870361385224767e-17,9.386741680756833e-19,0.0373266806964576
2016-11-30,CALM,dynamic,0.6,24,2016-10-31,2016-11-01,0.0070042121803573,0.102926526029158,0.0161731913977781,0.0,6.37030769130297e-18,0.2157184678637778,0.0006574097337183,0.0396662421721106,4.8520126087101065e-18,4.483915555438313e-17,0.288447015149666,0.3426695204719627,0.0133886930066834,0.0,0.0017698509365056,8.246203702651834e-18,1.828562836894402e-18,2.6659627270346947e-19,0.0013182682515559,0.0134877037193251,0.0,0.0306026726009571,0.0096010389216577,3.5650381758132696e-18,1.1988181217965329e-17,0.0264999257743013,1.7571261856056714e-18,0.05637690292039291,0.27084809174048774,0.28844701514966603,0.3560582134786461,0.0017698509365056,1.0341362812249706e-17,0.026499925774301304
2016-12-30,CALM,dynamic,0.6,24,2016-11-30,2016-12-01,0.0069800959297799,0.102926526029158,0.0161731913977781,0.0,6.37030769130297e-18,0.2157184678637778,0.0006574097337183,0.0396662421721106,4.8520126087101065e-18,4.483915555438313e-17,0.288447015149666,0.3426695204719627,0.0133886930066834,0.0,0.0017698509365056,8.246203702651834e-18,1.828562836894402e-18,2.6659627270346947e-19,0.0013182682515559,0.0134877037193251,0.0,0.0306026726009571,0.0096010389216577,3.5650381758132696e-18,1.1988181217965329e-17,0.0264999257743013,1.7571261856056714e-18,0.05637690292039291,0.27084809174048774,0.28844701514966603,0.3560582134786461,0.0017698509365056,1.0341362812249706e-17,0.026499925774301304
2017-01-31,CALM,dynamic,0.6,24,2016-12-31,2017-01-02,0.0069539691458692,0.102926526029158,0.0161731913977781,0.0,6.37030769130297e-18,0.2157184678637778,0.0006574097337183,0.0396662421721106,4.8520126087101065e-18,4.483915555438313e-17,0.288447015149666,0.3426695204719627,0.0133886930066834,0.0,0.0017698509365056,8.246203702651834e-18,1.828562836894402e-18,2.6659627270346947e-19,0.0013182682515559,0.0134877037193251,0.0,0.0306026726009571,0.0096010389216577,3.5650381758132696e-18,1.1988181217965329e-17,0.0264999257743013,1.7571261856056714e-18,0.05637690292039291,0.27084809174048774,0.28844701514966603,0.3560582134786461,0.0017698509365056,1.0341362812249706e-17,0.026499925774301304
2017-02-28,CALM,dynamic,0.6,24,2017-01-31,2017-02-01,0.0069302161480173,0.102926526029158,0.0161731913977781,0.0,6.37030769130297e-18,0.2157184678637778,0.0006574097337183,0.0396662421721106,4.8520126087101065e-18,4.483915555438313e-17,0.288447015149666,0.3426695204719627,0.0133886930066834,0.0,0.0017698509365056,8.246203702651834e-18,1.828562836894402e-18,2.6659627270346947e-19,0.0013182682515559,0.0134877037193251,0.0,0.0306026726009571,0.0096010389216577,3.5650381758132696e-18,1.1988181217965329e-17,0.0264999257743013,1.7571261856056714e-18,0.05637690292039291,0.27084809174048774,0.28844701514966603,0.3560582134786461,0.0017698509365056,1.0341362812249706e-17,0.026499925774301304
2017-03-31,CALM,dynamic,0.6,24,2017-02-28,2017-03-01,0.0069133760157023,0.102926526029158,0.0181170205965281,0.0,0.0,0.2149168114534995,2.837099799136837e-17,0.058802783634773,2.857444471738701e-17,0.0,0.2858998879622098,0.3478340668743589,0.0108565623929291,0.0,0.0034647459404442,4.4313058031200764e-18,0.0,0.0044550672620385,7.620014272618094e-18,0.0164006391568567,0.0046921852431158,0.0261689272341191,0.005945508338052,0.0,4.250284274379991e-17,0.0024457939110746,1.4354879115355438e-17,0.050231456168699194,0.29481241948824505,0.28589988796220983,0.35869062926728806,0.0034647459404442,0.004455067262038505,0.002445793911074614
2017-04-28,CALM,dynamic,0.6,24,2017-03-31,2017-04-03,0.0068882399262284,0.102926526029158,0.0181170205965281,0.0,0.0,0.2149168114534995,2.837099799136837e-17,0.058802783634773,2.857444471738701e-17,0.0,0.2858998879622098,0.3478340668743589,0.0108565623929291,0.0,0.0034647459404442,4.4313058031200764e-18,0.0,0.0044550672620385,7.620014272618094e-18,0.0164006391568567,0.0046921852431158,0.0261689272341191,0.005945508338052,0.0,4.250284274379991e-17,0.0024457939110746,1.4354879115355438e-17,0.050231456168699194,0.29481241948824505,0.28589988796220983,0.35869062926728806,0.0034647459404442,0.004455067262038505,0.002445793911074614
2017-05-31,CALM,dynamic,0.6,24,2017-04-30,2017-05-01,0.0068710230311585,0.102926526029158,0.0181170205965281,0.0,0.0,0.2149168114534995,2.837099799136837e-17,0.058802783634773,2.857444471738701e-17,0.0,0.2858998879622098,0.3478340668743589,0.0108565623929291,0.0,0.0034647459404442,4.4313058031200764e-18,0.0,0.0044550672620385,7.620014272618094e-18,0.0164006391568567,0.0046921852431158,0.0261689272341191,0.005945508338052,0.0,4.250284274379991e-17,0.0024457939110746,1.4354879115355438e-17,0.050231456168699194,0.29481241948824505,0.28589988796220983,0.35869062926728806,0.0034647459404442,0.004455067262038505,0.002445793911074614
2017-06-30,CALM,dynamic,0.6,24,2017-05-31,2017-06-01,0.0068528548478826,0.102926526029158,0.0181170205965281,0.0,0.0,0.2149168114534995,2.837099799136837e-17,0.058802783634773,2.857444471738701e-17,0.0,0.2858998879622098,0.3478340668743589,0.0108565623929291,0.0,0.0034647459404442,4.4313058031200764e-18,0.0,0.0044550672620385,7.620014272618094e-18,0.0164006391568567,0.0046921852431158,0.0261689272341191,0.005945508338052,0.0,4.250284274379991e-17,0.0024457939110746,1.4354879115355438e-17,0.050231456168699194,0.29481241948824505,0.28589988796220983,0.35869062926728806,0.0034647459404442,0.004455067262038505,0.002445793911074614
2017-07-31,CALM,dynamic,0.6,24,2017-06-30,2017-07-03,0.0068302847114891,0.102926526029158,0.0230909630254158,0.0011426443954648,0.0006944178375498,0.2177338039370415,0.0013117745434001,0.0625516919275314,0.0041770076577099,1.3704677199984686e-19,0.2877231731550594,0.3192447234183831,0.0063973618220687,1.4162088215719505e-17,0.0071901585756871,0.0022235862752591,0.0016396507702389,0.0053714477647132,2.950001910426969e-20,0.0197281141222558,0.0054010976236382,0.0195193408111168,0.0061650895602569,0.0013949704704248,0.0035811291162017,0.0021439250002814,0.0015739281903008,0.050612455629804105,0.3081214526242918,0.2919001808127693,0.32922321435665347,0.0071901585756871,0.0092346848102112,0.0037178531905822
2017-08-31,CALM,dynamic,0.6,24,2017-07-31,2017-08-01,0.0068096337529993,0.102926526029158,0.0276576166933072,0.0019260969919058,0.0012495666822213,0.2204859173456772,0.0029547191768669,0.0677778694205114,0.0083161718955786,0.0030058644883467,0.2879497728820365,0.2843969871845719,0.0051801956726828,4.032461053592171e-18,0.0084938001600346,0.0060948661025377,0.0034317421651784,0.0055412442779274,2.7615099686358553e-18,0.0228488744995484,0.006704877781414,0.0210398240811225,0.0087432457605341,0.0028368599432519,0.0019097277107447,3.8034441679099433e-19,0.001454159083999,0.0606163502090909,0.32360911816726984,0.2992718092659618,0.2914869105679994,0.0084938001600346,0.015067852545643499,0.0014541590839990005
2017-09-29,CALM,dynamic,0.6,24,2017-08-31,2017-09-01,0.0067870612964188,0.102926526029158,0.033512737921862,0.0031464115211891,0.0014534194913008,0.2200651107580084,0.0048282146377123,0.0736969881502468,0.0119774039664497,0.0052171391153808,0.2894971294262534,0.2477050701896006,0.0076786692925678,0.0024233470120094,0.0093263804778553,0.0082573428853033,0.0049883564232589,0.0062446837671109,0.0,0.0261645693632505,0.0048775844945574,0.0228806803935558,0.0086129401156481,0.0038213853816216,0.0009800511959444,1.167691881490087e-18,0.0026443840193118,0.0696061894435558,0.33345385278539696,0.3066916725080839,0.25878713769012224,0.0093263804778553,0.0194903830756731,0.0026443840193118013
2017-10-31,CALM,dynamic,0.6,24,2017-09-30,2017-10-02,0.0067646931200951,0.102926526029158,0.0409278670256131,0.0062086503878289,0.0003317401665742,0.2208739844130585,0.0048142750565873,0.0767034059878571,0.0128679660525927,0.0080794837181676,0.2942867808821661,0.2155774379426443,0.0068415526597143,6.705733253526936e-19,0.0142661556581696,0.0086581233747701,0.0074124193127778,0.0062405651584209,1.287820426607086e-18,0.0263914907449239,0.0033526368763695,0.0299876604267718,0.0074336047361378,0.0054655985365855,0.0002121700991052,2.656916135753349e-18,0.0030664307831627,0.0848895227429258,0.33760139161538183,0.3152342306529264,0.22263116070146383,0.0142661556581696,0.0223111078459688,0.0030664307831627024
2017-11-30,CALM,dynamic,0.6,24,2017-10-31,2017-11-01,0.0067435626637572,0.102926526029158,0.0409278670256131,0.0062086503878289,0.0003317401665742,0.2208739844130585,0.0048142750565873,0.0767034059878571,0.0128679660525927,0.0080794837181676,0.2942867808821661,0.2155774379426443,0.0068415526597143,6.705733253526936e-19,0.0142661556581696,0.0086581233747701,0.0074124193127778,0.0062405651584209,1.287820426607086e-18,0.0263914907449239,0.0033526368763695,0.0299876604267718,0.0074336047361378,0.0054655985365855,0.0002121700991052,2.656916135753349e-18,0.0030664307831627,0.0848895227429258,0.33760139161538183,0.3152342306529264,0.22263116070146383,0.0142661556581696,0.0223111078459688,0.0030664307831627024
2017-12-29,CALM,dynamic,0.6,24,2017-11-30,2017-12-01,0.0067214985553914,0.102926526029158,0.0477782204069242,0.0070179456755498,2.2469666508288452e-18,0.2265833455339508,0.0044637705064594,0.078447298974769,0.0083803277799676,0.0089001433937221,0.2985245657452416,0.1943863543763082,0.0068531999141785,0.0,0.0218584582359834,0.0074058136078758,0.0075484973156769,0.0022125783341331,0.0022642385276665,0.0258972029956407,0.0009019286790851,0.0339518842008444,0.0020198674946007,0.0063983105588361,0.0015907502124229,0.0,0.0066152975301623,0.0907679177779191,0.3449560957764076,0.3158050369189313,0.20283030450290956,0.0218584582359834,0.0171668892576858,0.0066152975301623
2018-01-31,CALM,dynamic,0.6,24,2017-12-31,2018-01-01,0.0066991750924646,0.102926526029158,0.0536610460048435,0.0092475819622318,0.0,0.2351120527681913,0.0013801917989981,0.0799128657871066,0.0065964079566094,0.0090733292116195,0.3043740408791531,0.1728150653875444,0.0102248329101099,5.325649877176197e-18,0.0261330271049145,0.0038817345041444,0.0084015237000546,2.2930106694496258e-18,0.0012636709808398,0.0244358274344185,6.850076534691481e-19,0.0411927796239267,1.5888975193378209e-18,0.0065287887611342,0.0001523718014166,7.271783943875671e-18,0.0056128614227421,0.104101407591002,0.3486333975306885,0.320043778047382,0.1831922700990709,0.0261330271049145,0.012283258204199001,0.005612861422742107
2018-02-28,NORMAL,dynamic,0.6,24,2018-01-31,2018-02-01,0.0066772623132073,0.102926526029158,0.0536610460048435,0.0092475819622318,0.0,0.2351120527681913,0.0013801917989981,0.0799128657871066,0.0065964079566094,0.0090733292116195,0.3043740408791531,0.1728150653875444,0.0102248329101099,5.325649877176197e-18,0.0261330271049145,0.0038817345041444,0.0084015237000546,2.2930106694496258e-18,0.0012636709808398,0.0244358274344185,6.850076534691481e-19,0.0411927796239267,1.5888975193378209e-18,0.0065287887611342,0.0001523718014166,7.271783943875671e-18,0.0056128614227421,0.104101407591002,0.3486333975306885,0.320043778047382,0.1831922700990709,0.0261330271049145,0.012283258204199001,0.005612861422742107
2018-03-29,NORMAL,dynamic,0.6,24,2018-02-28,2018-03-01,0.0066550173558149,0.102926526029158,0.0536610460048435,0.0092475819622318,0.0,0.2351120527681913,0.0013801917989981,0.0799128657871066,0.0065964079566094,0.0090733292116195,0.3043740408791531,0.1728150653875444,0.0102248329101099,5.325649877176197e-18,0.0261330271049145,0.0038817345041444,0.0084015237000546,2.2930106694496258e-18,0.0012636709808398,0.0244358274344185,6.850076534691481e-19,0.0411927796239267,1.5888975193378209e-18,0.0065287887611342,0.0001523718014166,7.271783943875671e-18,0.0056128614227421,0.104101407591002,0.3486333975306885,0.320043778047382,0.1831922700990709,0.0261330271049145,0.012283258204199001,0.005612861422742107
2018-04-30,NORMAL,dynamic,0.6,24,2018-03-31,2018-04-02,0.0066398359508457,0.102926526029158,0.0538713259347093,0.0120102139385741,3.3880610883445947e-18,0.2342064514741376,0.0040740976027572,0.0824284725459022,0.0070508765517595,0.0096781267215881,0.303129038325206,0.1364585776869914,0.0151103787287167,0.0140072763376199,0.0304387169046944,0.0051057897287003,0.0074784027019097,1.6189796774981352e-17,0.0037664034797393,0.0240184133068174,0.0,0.0440455222945332,3.8638780329160724e-18,0.0070589412304993,3.898833359642844e-18,4.075252478770926e-18,0.0060629745051432,0.10992706216781661,0.35555277963985304,0.3198580415985536,0.165576232753328,0.0304387169046944,0.012584192430610016,0.006062974505143205
2018-05-31,NORMAL,dynamic,0.6,24,2018-04-30,2018-05-01,0.0066190058645007,0.102926526029158,0.0524205952916804,0.0144130080265409,1.1234581059185653e-17,0.2296223502828728,0.006747755500806,0.0861490007460877,0.005505710077893,0.0093716336565447,0.3006913388393465,0.1073953096366931,0.0190394130862955,0.0212242305456487,0.0348665801419797,0.0088475767932518,0.0075726200918822,1.723336123891555e-17,0.0069887200338275,0.0234058751581772,4.997873648512594e-20,0.0493184872108452,5.767641610170874e-18,0.007655800295182,4.457948360642535e-18,0.0023326643208114,0.0064313302636325,0.11615209052906651,0.3605695020169532,0.31556868257378423,0.1476589532686373,0.0348665801419797,0.016420196885134016,0.0087639945844439
2018-06-29,NORMAL,dynamic,0.6,24,2018-05-31,2018-06-01,0.0066054157591559,0.102926526029158,0.0524205952916804,0.0144130080265409,1.1234581059185653e-17,0.2296223502828728,0.006747755500806,0.0861490007460877,0.005505710077893,0.0093716336565447,0.3006913388393465,0.1073953096366931,0.0190394130862955,0.0212242305456487,0.0348665801419797,0.0088475767932518,0.0075726200918822,1.723336123891555e-17,0.0069887200338275,0.0234058751581772,4.997873648512594e-20,0.0493184872108452,5.767641610170874e-18,0.007655800295182,4.457948360642535e-18,0.0023326643208114,0.0064313302636325,0.11615209052906651,0.3605695020169532,0.31556868257378423,0.1476589532686373,0.0348665801419797,0.016420196885134016,0.0087639945844439
2018-07-31,CALM,dynamic,0.6,24,2018-06-30,2018-07-02,0.006586468915057,0.102926526029158,0.0524205952916804,0.0144130080265409,1.1234581059185653e-17,0.2296223502828728,0.006747755500806,0.0861490007460877,0.005505710077893,0.0093716336565447,0.3006913388393465,0.1073953096366931,0.0190394130862955,0.0212242305456487,0.0348665801419797,0.0088475767932518,0.0075726200918822,1.723336123891555e-17,0.0069887200338275,0.0234058751581772,4.997873648512594e-20,0.0493184872108452,5.767641610170874e-18,0.007655800295182,4.457948360642535e-18,0.0023326643208114,0.0064313302636325,0.11615209052906651,0.3605695020169532,0.31556868257378423,0.1476589532686373,0.0348665801419797,0.016420196885134016,0.0087639945844439
2018-08-31,CALM,dynamic,0.6,24,2018-07-31,2018-08-01,0.0065661628551257,0.102926526029158,0.0524205952916804,0.0144130080265409,1.1234581059185653e-17,0.2296223502828728,0.006747755500806,0.0861490007460877,0.005505710077893,0.0093716336565447,0.3006913388393465,0.1073953096366931,0.0190394130862955,0.0212242305456487,0.0348665801419797,0.0088475767932518,0.0075726200918822,1.723336123891555e-17,0.0069887200338275,0.0234058751581772,4.997873648512594e-20,0.0493184872108452,5.767641610170874e-18,0.007655800295182,4.457948360642535e-18,0.0023326643208114,0.0064313302636325,0.11615209052906651,0.3605695020169532,0.31556868257378423,0.1476589532686373,0.0348665801419797,0.016420196885134016,0.0087639945844439
2018-09-28,CALM,dynamic,0.6,24,2018-08-31,2018-09-03,0.0065459161083486,0.102926526029158,0.0492617687092438,0.0136242846462783,0.0,0.2260397208204749,0.0091410844041012,0.0862219794002402,0.0067460860687274,0.0059246516978687,0.2970997523247224,0.1164581000769939,0.0216946837746409,0.0,0.0408745838103063,0.0089672784080252,0.005697217194316,4.459622775817274e-19,0.0188306867367721,0.0210742573841235,0.0,0.0503936705118168,0.0,0.008739564933088,0.0006094569068012,0.005998410310385,0.0066027618810735,0.1132797238673389,0.3700472936787999,0.3097704900913185,0.13876224075843602,0.0408745838103063,0.0146644956023412,0.012601172191458499
2018-10-31,NORMAL,dynamic,0.6,24,2018-09-30,2018-10-01,0.0065307811242539,0.102926526029158,0.0492617687092438,0.0136242846462783,0.0,0.2260397208204749,0.0091410844041012,0.0862219794002402,0.0067460860687274,0.0059246516978687,0.2970997523247224,0.1164581000769939,0.0216946837746409,0.0,0.0408745838103063,0.0089672784080252,0.005697217194316,4.459622775817274e-19,0.0188306867367721,0.0210742573841235,0.0,0.0503936705118168,0.0,0.008739564933088,0.0006094569068012,0.005998410310385,0.0066027618810735,0.1132797238673389,0.3700472936787999,0.3097704900913185,0.13876224075843602,0.0408745838103063,0.0146644956023412,0.012601172191458499
2018-11-30,NORMAL,dynamic,0.6,24,2018-10-31,2018-11-01,0.0065106401889914,0.102926526029158,0.0492617687092438,0.0136242846462783,0.0,0.2260397208204749,0.0091410844041012,0.0862219794002402,0.0067460860687274,0.0059246516978687,0.2970997523247224,0.1164581000769939,0.0216946837746409,0.0,0.0408745838103063,0.0089672784080252,0.005697217194316,4.459622775817274e-19,0.0188306867367721,0.0210742573841235,0.0,0.0503936705118168,0.0,0.008739564933088,0.0006094569068012,0.005998410310385,0.0066027618810735,0.1132797238673389,0.3700472936787999,0.3097704900913185,0.13876224075843602,0.0408745838103063,0.0146644956023412,0.012601172191458499
2018-12-31,STRESS,dynamic,0.6,24,2018-11-30,2018-12-03,0.0064920271539192,0.102926526029158,0.0492617687092438,0.0136242846462783,0.0,0.2260397208204749,0.0091410844041012,0.0862219794002402,0.0067460860687274,0.0059246516978687,0.2970997523247224,0.1164581000769939,0.0216946837746409,0.0,0.0408745838103063,0.0089672784080252,0.005697217194316,4.459622775817274e-19,0.0188306867367721,0.0210742573841235,0.0,0.0503936705118168,0.0,0.008739564933088,0.0006094569068012,0.005998410310385,0.0066027618810735,0.1132797238673389,0.3700472936787999,0.3097704900913185,0.13876224075843602,0.0408745838103063,0.0146644956023412,0.012601172191458499
2019-01-31,NORMAL,dynamic,0.6,24,2018-12-31,2019-01-01,0.0064726128991332,0.102926526029158,0.0492617687092438,0.0136242846462783,0.0,0.2260397208204749,0.0091410844041012,0.0862219794002402,0.0067460860687274,0.0059246516978687,0.2970997523247224,0.1164581000769939,0.0216946837746409,0.0,0.0408745838103063,0.0089672784080252,0.005697217194316,4.459622775817274e-19,0.0188306867367721,0.0210742573841235,0.0,0.0503936705118168,0.0,0.008739564933088,0.0006094569068012,0.005998410310385,0.0066027618810735,0.1132797238673389,0.3700472936787999,0.3097704900913185,0.13876224075843602,0.0408745838103063,0.0146644956023412,0.012601172191458499
2019-02-28,CALM,dynamic,0.6,24,2019-01-31,2019-02-01,0.0064670177433511,0.102926526029158,0.0492617687092438,0.0136242846462783,0.0,0.2260397208204749,0.0091410844041012,0.0862219794002402,0.0067460860687274,0.0059246516978687,0.2970997523247224,0.1164581000769939,0.0216946837746409,0.0,0.0408745838103063,0.0089672784080252,0.005697217194316,4.459622775817274e-19,0.0188306867367721,0.0210742573841235,0.0,0.0503936705118168,0.0,0.008739564933088,0.0006094569068012,0.005998410310385,0.0066027618810735,0.1132797238673389,0.3700472936787999,0.3097704900913185,0.13876224075843602,0.0408745838103063,0.0146644956023412,0.012601172191458499
2019-03-29,CALM,dynamic,0.6,24,2019-02-28,2019-03-01,0.0064503505976521,0.102926526029158,0.0492617687092438,0.0136242846462783,0.0,0.2260397208204749,0.0091410844041012,0.0862219794002402,0.0067460860687274,0.0059246516978687,0.2970997523247224,0.1164581000769939,0.0216946837746409,0.0,0.0408745838103063,0.0089672784080252,0.005697217194316,4.459622775817274e-19,0.0188306867367721,0.0210742573841235,0.0,0.0503936705118168,0.0,0.008739564933088,0.0006094569068012,0.005998410310385,0.0066027618810735,0.1132797238673389,0.3700472936787999,0.3097704900913185,0.13876224075843602,0.0408745838103063,0.0146644956023412,0.012601172191458499
2019-04-30,CALM,dynamic,0.6,24,2019-03-31,2019-04-01,0.0064371714384228,0.102926526029158,0.0492617687092438,0.0136242846462783,0.0,0.2260397208204749,0.0091410844041012,0.0862219794002402,0.0067460860687274,0.0059246516978687,0.2970997523247224,0.1164581000769939,0.0216946837746409,0.0,0.0408745838103063,0.0089672784080252,0.005697217194316,4.459622775817274e-19,0.0188306867367721,0.0210742573841235,0.0,0.0503936705118168,0.0,0.008739564933088,0.0006094569068012,0.005998410310385,0.0066027618810735,0.1132797238673389,0.3700472936787999,0.3097704900913185,0.13876224075843602,0.0408745838103063,0.0146644956023412,0.012601172191458499
2019-05-31,NORMAL,dynamic,0.6,24,2019-04-30,2019-05-01,0.0064190248713363,0.102926526029158,0.0490469582647749,0.0086383858224108,5.955471142864889e-18,0.2296220042265455,0.0104243790657071,0.0936559572448117,0.0087121269385891,3.6022326803990697e-20,0.2996982653744816,0.1298423243241791,0.0092079867109617,1.9450529556226138e-17,0.0422494089498038,0.0075076330914613,0.0041121383100737,1.1480432495498016e-19,0.0157950353525128,0.0161627551428089,6.141339792772434e-20,0.0549546298054665,3.283723238608809e-18,0.0078216717108449,7.650594248725983e-19,0.0021296966593865,0.0104186430051792,0.1126399738926522,0.3734818027432309,0.30841039231307066,0.13905031103514084,0.0422494089498038,0.011619771401535,0.012548339664565701
2019-06-28,NORMAL,dynamic,0.6,24,2019-05-31,2019-06-03,0.0064033259867653,0.102926526029158,0.0490469582647749,0.0086383858224108,5.955471142864889e-18,0.2296220042265455,0.0104243790657071,0.0936559572448117,0.0087121269385891,3.6022326803990697e-20,0.2996982653744816,0.1298423243241791,0.0092079867109617,1.9450529556226138e-17,0.0422494089498038,0.0075076330914613,0.0041121383100737,1.1480432495498016e-19,0.0157950353525128,0.0161627551428089,6.141339792772434e-20,0.0549546298054665,3.283723238608809e-18,0.0078216717108449,7.650594248725983e-19,0.0021296966593865,0.0104186430051792,0.1126399738926522,0.3734818027432309,0.30841039231307066,0.13905031103514084,0.0422494089498038,0.011619771401535,0.012548339664565701
2019-07-31,NORMAL,dynamic,0.6,24,2019-06-30,2019-07-01,0.0063854777791955,0.102926526029158,0.0507762346361498,0.0,2.5536852219635083e-18,0.2356123155227533,0.0109781422240972,0.0976952862888554,0.00593172712534,2.5709832229332168e-18,0.3044078531511512,0.1356851516884563,9.602971341699613e-19,0.0,0.0500149006262734,0.0069242634839434,0.0054139923179089,0.0,0.0112543744277063,0.0170374382678205,0.0026841965057351,0.0438129935599278,5.793533305652003e-18,0.0068438075733228,0.0,3.1594593630381423e-18,0.0149273226005581,0.0945892281960776,0.3821055608102906,0.3103395802764912,0.1356851516884563,0.0500149006262734,0.0123382558018523,0.014927322600558103
2019-08-30,NORMAL,dynamic,0.6,24,2019-07-31,2019-08-01,0.0063687421910859,0.102926526029158,0.0507762346361498,0.0,2.5536852219635083e-18,0.2356123155227533,0.0109781422240972,0.0976952862888554,0.00593172712534,2.5709832229332168e-18,0.3044078531511512,0.1356851516884563,9.602971341699613e-19,0.0,0.0500149006262734,0.0069242634839434,0.0054139923179089,0.0,0.0112543744277063,0.0170374382678205,0.0026841965057351,0.0438129935599278,5.793533305652003e-18,0.0068438075733228,0.0,3.1594593630381423e-18,0.0149273226005581,0.0945892281960776,0.3821055608102906,0.3103395802764912,0.1356851516884563,0.0500149006262734,0.0123382558018523,0.014927322600558103
2019-09-30,NORMAL,dynamic,0.6,24,2019-08-31,2019-09-02,0.0063521236209819,0.102926526029158,0.0507762346361498,0.0,2.5536852219635083e-18,0.2356123155227533,0.0109781422240972,0.0976952862888554,0.00593172712534,2.5709832229332168e-18,0.3044078531511512,0.1356851516884563,9.602971341699613e-19,0.0,0.0500149006262734,0.0069242634839434,0.0054139923179089,0.0,0.0112543744277063,0.0170374382678205,0.0026841965057351,0.0438129935599278,5.793533305652003e-18,0.0068438075733228,0.0,3.1594593630381423e-18,0.0149273226005581,0.0945892281960776,0.3821055608102906,0.3103395802764912,0.1356851516884563,0.0500149006262734,0.0123382558018523,0.014927322600558103
2019-10-31,CALM,dynamic,0.6,24,2019-09-30,2019-10-01,0.0063364006258387,0.102926526029158,0.0507762346361498,0.0,2.5536852219635083e-18,0.2356123155227533,0.0109781422240972,0.0976952862888554,0.00593172712534,2.5709832229332168e-18,0.3044078531511512,0.1356851516884563,9.602971341699613e-19,0.0,0.0500149006262734,0.0069242634839434,0.0054139923179089,0.0,0.0112543744277063,0.0170374382678205,0.0026841965057351,0.0438129935599278,5.793533305652003e-18,0.0068438075733228,0.0,3.1594593630381423e-18,0.0149273226005581,0.0945892281960776,0.3821055608102906,0.3103395802764912,0.1356851516884563,0.0500149006262734,0.0123382558018523,0.014927322600558103
2019-11-29,CALM,dynamic,0.6,24,2019-10-31,2019-11-01,0.0063182670916355,0.102926526029158,0.0507762346361498,0.0,2.5536852219635083e-18,0.2356123155227533,0.0109781422240972,0.0976952862888554,0.00593172712534,2.5709832229332168e-18,0.3044078531511512,0.1356851516884563,9.602971341699613e-19,0.0,0.0500149006262734,0.0069242634839434,0.0054139923179089,0.0,0.0112543744277063,0.0170374382678205,0.0026841965057351,0.0438129935599278,5.793533305652003e-18,0.0068438075733228,0.0,3.1594593630381423e-18,0.0149273226005581,0.0945892281960776,0.3821055608102906,0.3103395802764912,0.1356851516884563,0.0500149006262734,0.0123382558018523,0.014927322600558103
2019-12-31,CALM,dynamic,0.6,24,2019-11-30,2019-12-02,0.0063045805992524,0.102926526029158,0.0507762346361498,0.0,2.5536852219635083e-18,0.2356123155227533,0.0109781422240972,0.0976952862888554,0.00593172712534,2.5709832229332168e-18,0.3044078531511512,0.1356851516884563,9.602971341699613e-19,0.0,0.0500149006262734,0.0069242634839434,0.0054139923179089,0.0,0.0112543744277063,0.0170374382678205,0.0026841965057351,0.0438129935599278,5.793533305652003e-18,0.0068438075733228,0.0,3.1594593630381423e-18,0.0149273226005581,0.0945892281960776,0.3821055608102906,0.3103395802764912,0.1356851516884563,0.0500149006262734,0.0123382558018523,0.014927322600558103
2020-01-31,NORMAL,dynamic,0.6,24,2019-12-31,2020-01-01,0.0063013726601787,0.102926526029158,0.0507762346361498,0.0,2.5536852219635083e-18,0.2356123155227533,0.0109781422240972,0.0976952862888554,0.00593172712534,2.5709832229332168e-18,0.3044078531511512,0.1356851516884563,9.602971341699613e-19,0.0,0.0500149006262734,0.0069242634839434,0.0054139923179089,0.0,0.0112543744277063,0.0170374382678205,0.0026841965057351,0.0438129935599278,5.793533305652003e-18,0.0068438075733228,0.0,3.1594593630381423e-18,0.0149273226005581,0.0945892281960776,0.3821055608102906,0.3103395802764912,0.1356851516884563,0.0500149006262734,0.0123382558018523,0.014927322600558103
2020-02-28,STRESS,dynamic,0.6,24,2020-01-31,2020-02-03,0.0062844712752323,0.102926526029158,0.0489294540875926,0.002235932247614,1.3240414325869857e-17,0.2374729084311639,0.0129389442328474,0.1017754173634497,0.0080652415600762,3.467054058161107e-19,0.3058768370925789,0.1032996378508983,2.5022851254829777e-18,0.0127003271808839,0.0512147761026915,0.0030553487710071,0.0063391303376454,0.0033786190836237,0.0111694599823213,0.0165683258434163,0.0052508360203503,0.0424682297735024,2.5887943461964412e-20,0.0077357130837385,0.0017219150128399,0.0,0.0178029459417577,0.09363361610870902,0.3929116049572874,0.3139420786526551,0.1177218800446221,0.0512147761026915,0.012773098192276199,0.0178029459417577
2020-03-31,STRESS,dynamic,0.6,24,2020-02-29,2020-03-02,0.006267671407792,0.102926526029158,0.0489294540875926,0.002235932247614,1.3240414325869857e-17,0.2374729084311639,0.0129389442328474,0.1017754173634497,0.0080652415600762,3.467054058161107e-19,0.3058768370925789,0.1032996378508983,2.5022851254829777e-18,0.0127003271808839,0.0512147761026915,0.0030553487710071,0.0063391303376454,0.0033786190836237,0.0111694599823213,0.0165683258434163,0.0052508360203503,0.0424682297735024,2.5887943461964412e-20,0.0077357130837385,0.0017219150128399,0.0,0.0178029459417577,0.09363361610870902,0.3929116049572874,0.3139420786526551,0.1177218800446221,0.0512147761026915,0.012773098192276199,0.0178029459417577
2020-04-30,STRESS,dynamic,0.6,24,2020-03-31,2020-04-01,0.0062525370391678,0.102926526029158,0.0408675652827566,0.0035119129626434,1.2853169878136568e-17,0.2404292735065502,0.0197368376871456,0.1065869381602801,0.0082709809931002,0.0001054171571649,0.3070652168660238,0.0786362397143097,8.998650859571242e-18,0.0197248539337018,0.0489341145051811,0.0013479955623364,0.0066896310877395,0.003066137884831,0.010268525098918,0.0146646150207495,0.0058166498249371,0.0455082501593237,0.0,0.0075661418411488,0.0068579811110092,0.0038151384600809,0.0205295831800674,0.08988772840472371,0.40506898113972933,0.31544161501628887,0.10521907475902072,0.0489341145051811,0.0111037645349069,0.0243447216401483
2020-05-29,STRESS,dynamic,0.6,24,2020-04-30,2020-05-01,0.0062393233102327,0.102926526029158,0.0408675652827566,0.0035119129626434,1.2853169878136568e-17,0.2404292735065502,0.0197368376871456,0.1065869381602801,0.0082709809931002,0.0001054171571649,0.3070652168660238,0.0786362397143097,8.998650859571242e-18,0.0197248539337018,0.0489341145051811,0.0013479955623364,0.0066896310877395,0.003066137884831,0.010268525098918,0.0146646150207495,0.0058166498249371,0.0455082501593237,0.0,0.0075661418411488,0.0068579811110092,0.0038151384600809,0.0205295831800674,0.08988772840472371,0.40506898113972933,0.31544161501628887,0.10521907475902072,0.0489341145051811,0.0111037645349069,0.0243447216401483
2020-06-30,STRESS,dynamic,0.6,24,2020-05-31,2020-06-01,0.0062253116448523,0.102926526029158,0.0408675652827566,0.0035119129626434,1.2853169878136568e-17,0.2404292735065502,0.0197368376871456,0.1065869381602801,0.0082709809931002,0.0001054171571649,0.3070652168660238,0.0786362397143097,8.998650859571242e-18,0.0197248539337018,0.0489341145051811,0.0013479955623364,0.0066896310877395,0.003066137884831,0.010268525098918,0.0146646150207495,0.0058166498249371,0.0455082501593237,0.0,0.0075661418411488,0.0068579811110092,0.0038151384600809,0.0205295831800674,0.08988772840472371,0.40506898113972933,0.31544161501628887,0.10521907475902072,0.0489341145051811,0.0111037645349069,0.0243447216401483
2020-07-31,NORMAL,dynamic,0.6,24,2020-06-30,2020-07-01,0.0062098236499643,0.102926526029158,0.0408675652827566,0.0035119129626434,1.2853169878136568e-17,0.2404292735065502,0.0197368376871456,0.1065869381602801,0.0082709809931002,0.0001054171571649,0.3070652168660238,0.0786362397143097,8.998650859571242e-18,0.0197248539337018,0.0489341145051811,0.0013479955623364,0.0066896310877395,0.003066137884831,0.010268525098918,0.0146646150207495,0.0058166498249371,0.0455082501593237,0.0,0.0075661418411488,0.0068579811110092,0.0038151384600809,0.0205295831800674,0.08988772840472371,0.40506898113972933,0.31544161501628887,0.10521907475902072,0.0489341145051811,0.0111037645349069,0.0243447216401483
2020-08-31,STRESS,dynamic,0.6,24,2020-07-31,2020-08-03,0.0061937360841061,0.102926526029158,0.0408675652827566,0.0035119129626434,1.2853169878136568e-17,0.2404292735065502,0.0197368376871456,0.1065869381602801,0.0082709809931002,0.0001054171571649,0.3070652168660238,0.0786362397143097,8.998650859571242e-18,0.0197248539337018,0.0489341145051811,0.0013479955623364,0.0066896310877395,0.003066137884831,0.010268525098918,0.0146646150207495,0.0058166498249371,0.0455082501593237,0.0,0.0075661418411488,0.0068579811110092,0.0038151384600809,0.0205295831800674,0.08988772840472371,0.40506898113972933,0.31544161501628887,0.10521907475902072,0.0489341145051811,0.0111037645349069,0.0243447216401483
2020-09-30,STRESS,dynamic,0.6,24,2020-08-31,2020-09-01,0.006178010223147,0.102926526029158,0.0408675652827566,0.0035119129626434,1.2853169878136568e-17,0.2404292735065502,0.0197368376871456,0.1065869381602801,0.0082709809931002,0.0001054171571649,0.3070652168660238,0.0786362397143097,8.998650859571242e-18,0.0197248539337018,0.0489341145051811,0.0013479955623364,0.0066896310877395,0.003066137884831,0.010268525098918,0.0146646150207495,0.0058166498249371,0.0455082501593237,0.0,0.0075661418411488,0.0068579811110092,0.0038151384600809,0.0205295831800674,0.08988772840472371,0.40506898113972933,0.31544161501628887,0.10521907475902072,0.0489341145051811,0.0111037645349069,0.0243447216401483
2020-10-30,STRESS,dynamic,0.6,24,2020-09-30,2020-10-01,0.0061627264484665,0.102926526029158,0.0408675652827566,0.0035119129626434,1.2853169878136568e-17,0.2404292735065502,0.0197368376871456,0.1065869381602801,0.0082709809931002,0.0001054171571649,0.3070652168660238,0.0786362397143097,8.998650859571242e-18,0.0197248539337018,0.0489341145051811,0.0013479955623364,0.0066896310877395,0.003066137884831,0.010268525098918,0.0146646150207495,0.0058166498249371,0.0455082501593237,0.0,0.0075661418411488,0.0068579811110092,0.0038151384600809,0.0205295831800674,0.08988772840472371,0.40506898113972933,0.31544161501628887,0.10521907475902072,0.0489341145051811,0.0111037645349069,0.0243447216401483
2020-11-30,NORMAL,dynamic,0.6,24,2020-10-31,2020-11-02,0.0061563146400393,0.102926526029158,0.0408675652827566,0.0035119129626434,1.2853169878136568e-17,0.2404292735065502,0.0197368376871456,0.1065869381602801,0.0082709809931002,0.0001054171571649,0.3070652168660238,0.0786362397143097,8.998650859571242e-18,0.0197248539337018,0.0489341145051811,0.0013479955623364,0.0066896310877395,0.003066137884831,0.010268525098918,0.0146646150207495,0.0058166498249371,0.0455082501593237,0.0,0.0075661418411488,0.0068579811110092,0.0038151384600809,0.0205295831800674,0.08988772840472371,0.40506898113972933,0.31544161501628887,0.10521907475902072,0.0489341145051811,0.0111037645349069,0.0243447216401483
2020-12-31,NORMAL,dynamic,0.6,24,2020-11-30,2020-12-01,0.0061416644975315,0.102926526029158,0.0441041255415969,0.0053608401217036,0.0005994479395005,0.2384782036353961,0.0221650796031243,0.1093606902857922,0.0090650896372121,4.865504504555104e-18,0.3061316170682305,0.0579727556235117,0.0045220700282984,0.0312666757303912,0.0500488777422601,0.003430589967961,0.0055046181685598,0.0042352298495335,0.0150754357088842,0.0129898476074308,0.0044922998558285,0.0440190727772486,0.0011669724888898,0.0093984387731512,1.9054910130930743e-18,2.7805774481716473e-18,0.020612021845494,0.0952504588689394,0.4119599954696073,0.3151967067054426,0.0937615013822013,0.0500488777422601,0.0131704379860543,0.020612021845494002
2021-01-29,STRESS,dynamic,0.6,24,2020-12-31,2021-01-01,0.0061261115365387,0.102926526029158,0.0441041255415969,0.0053608401217036,0.0005994479395005,0.2384782036353961,0.0221650796031243,0.1093606902857922,0.0090650896372121,4.865504504555104e-18,0.3061316170682305,0.0579727556235117,0.0045220700282984,0.0312666757303912,0.0500488777422601,0.003430589967961,0.0055046181685598,0.0042352298495335,0.0150754357088842,0.0129898476074308,0.0044922998558285,0.0440190727772486,0.0011669724888898,0.0093984387731512,1.9054910130930743e-18,2.7805774481716473e-18,0.020612021845494,0.0952504588689394,0.4119599954696073,0.3151967067054426,0.0937615013822013,0.0500488777422601,0.0131704379860543,0.020612021845494002
2021-02-26,STRESS,dynamic,0.6,24,2021-01-31,2021-02-01,0.0061336067508131,0.102926526029158,0.0441041255415969,0.0053608401217036,0.0005994479395005,0.2384782036353961,0.0221650796031243,0.1093606902857922,0.0090650896372121,4.865504504555104e-18,0.3061316170682305,0.0579727556235117,0.0045220700282984,0.0312666757303912,0.0500488777422601,0.003430589967961,0.0055046181685598,0.0042352298495335,0.0150754357088842,0.0129898476074308,0.0044922998558285,0.0440190727772486,0.0011669724888898,0.0093984387731512,1.9054910130930743e-18,2.7805774481716473e-18,0.020612021845494,0.0952504588689394,0.4119599954696073,0.3151967067054426,0.0937615013822013,0.0500488777422601,0.0131704379860543,0.020612021845494002
2021-03-31,NORMAL,dynamic,0.6,24,2021-02-28,2021-03-01,0.0061214543927998,0.102926526029158,0.0441041255415969,0.0053608401217036,0.0005994479395005,0.2384782036353961,0.0221650796031243,0.1093606902857922,0.0090650896372121,4.865504504555104e-18,0.3061316170682305,0.0579727556235117,0.0045220700282984,0.0312666757303912,0.0500488777422601,0.003430589967961,0.0055046181685598,0.0042352298495335,0.0150754357088842,0.0129898476074308,0.0044922998558285,0.0440190727772486,0.0011669724888898,0.0093984387731512,1.9054910130930743e-18,2.7805774481716473e-18,0.020612021845494,0.0952504588689394,0.4119599954696073,0.3151967067054426,0.0937615013822013,0.0500488777422601,0.0131704379860543,0.020612021845494002
2021-04-30,NORMAL,dynamic,0.6,24,2021-03-31,2021-04-01,0.0061127002237558,0.102926526029158,0.0441041255415969,0.0053608401217036,0.0005994479395005,0.2384782036353961,0.0221650796031243,0.1093606902857922,0.0090650896372121,4.865504504555104e-18,0.3061316170682305,0.0579727556235117,0.0045220700282984,0.0312666757303912,0.0500488777422601,0.003430589967961,0.0055046181685598,0.0042352298495335,0.0150754357088842,0.0129898476074308,0.0044922998558285,0.0440190727772486,0.0011669724888898,0.0093984387731512,1.9054910130930743e-18,2.7805774481716473e-18,0.020612021845494,0.0952504588689394,0.4119599954696073,0.3151967067054426,0.0937615013822013,0.0500488777422601,0.0131704379860543,0.020612021845494002
2021-05-28,NORMAL,dynamic,0.6,24,2021-04-30,2021-05-03,0.0061000896345706,0.102926526029158,0.0441041255415969,0.0053608401217036,0.0005994479395005,0.2384782036353961,0.0221650796031243,0.1093606902857922,0.0090650896372121,4.865504504555104e-18,0.3061316170682305,0.0579727556235117,0.0045220700282984,0.0312666757303912,0.0500488777422601,0.003430589967961,0.0055046181685598,0.0042352298495335,0.0150754357088842,0.0129898476074308,0.0044922998558285,0.0440190727772486,0.0011669724888898,0.0093984387731512,1.9054910130930743e-18,2.7805774481716473e-18,0.020612021845494,0.0952504588689394,0.4119599954696073,0.3151967067054426,0.0937615013822013,0.0500488777422601,0.0131704379860543,0.020612021845494002
2021-06-30,NORMAL,dynamic,0.6,24,2021-05-31,2021-06-01,0.0060851538721675,0.102926526029158,0.0441041255415969,0.0053608401217036,0.0005994479395005,0.2384782036353961,0.0221650796031243,0.1093606902857922,0.0090650896372121,4.865504504555104e-18,0.3061316170682305,0.0579727556235117,0.0045220700282984,0.0312666757303912,0.0500488777422601,0.003430589967961,0.0055046181685598,0.0042352298495335,0.0150754357088842,0.0129898476074308,0.0044922998558285,0.0440190727772486,0.0011669724888898,0.0093984387731512,1.9054910130930743e-18,2.7805774481716473e-18,0.020612021845494,0.0952504588689394,0.4119599954696073,0.3151967067054426,0.0937615013822013,0.0500488777422601,0.0131704379860543,0.020612021845494002
2021-07-30,NORMAL,dynamic,0.6,24,2021-06-30,2021-07-01,0.0060718489799643,0.102926526029158,0.0441041255415969,0.0053608401217036,0.0005994479395005,0.2384782036353961,0.0221650796031243,0.1093606902857922,0.0090650896372121,4.865504504555104e-18,0.3061316170682305,0.0579727556235117,0.0045220700282984,0.0312666757303912,0.0500488777422601,0.003430589967961,0.0055046181685598,0.0042352298495335,0.0150754357088842,0.0129898476074308,0.0044922998558285,0.0440190727772486,0.0011669724888898,0.0093984387731512,1.9054910130930743e-18,2.7805774481716473e-18,0.020612021845494,0.0952504588689394,0.4119599954696073,0.3151967067054426,0.0937615013822013,0.0500488777422601,0.0131704379860543,0.020612021845494002
2021-08-31,NORMAL,dynamic,0.6,24,2021-07-31,2021-08-02,0.0060742057865462,0.102926526029158,0.0441041255415969,0.0053608401217036,0.0005994479395005,0.2384782036353961,0.0221650796031243,0.1093606902857922,0.0090650896372121,4.865504504555104e-18,0.3061316170682305,0.0579727556235117,0.0045220700282984,0.0312666757303912,0.0500488777422601,0.003430589967961,0.0055046181685598,0.0042352298495335,0.0150754357088842,0.0129898476074308,0.0044922998558285,0.0440190727772486,0.0011669724888898,0.0093984387731512,1.9054910130930743e-18,2.7805774481716473e-18,0.020612021845494,0.0952504588689394,0.4119599954696073,0.3151967067054426,0.0937615013822013,0.0500488777422601,0.0131704379860543,0.020612021845494002
2021-09-30,NORMAL,dynamic,0.6,24,2021-08-31,2021-09-01,0.0060656404697945,0.102926526029158,0.0441041255415969,0.0053608401217036,0.0005994479395005,0.2384782036353961,0.0221650796031243,0.1093606902857922,0.0090650896372121,4.865504504555104e-18,0.3061316170682305,0.0579727556235117,0.0045220700282984,0.0312666757303912,0.0500488777422601,0.003430589967961,0.0055046181685598,0.0042352298495335,0.0150754357088842,0.0129898476074308,0.0044922998558285,0.0440190727772486,0.0011669724888898,0.0093984387731512,1.9054910130930743e-18,2.7805774481716473e-18,0.020612021845494,0.0952504588689394,0.4119599954696073,0.3151967067054426,0.0937615013822013,0.0500488777422601,0.0131704379860543,0.020612021845494002
2021-10-29,NORMAL,dynamic,0.6,24,2021-09-30,2021-10-01,0.0060546267758848,0.102926526029158,0.0441041255415969,0.0053608401217036,0.0005994479395005,0.2384782036353961,0.0221650796031243,0.1093606902857922,0.0090650896372121,4.865504504555104e-18,0.3061316170682305,0.0579727556235117,0.0045220700282984,0.0312666757303912,0.0500488777422601,0.003430589967961,0.0055046181685598,0.0042352298495335,0.0150754357088842,0.0129898476074308,0.0044922998558285,0.0440190727772486,0.0011669724888898,0.0093984387731512,1.9054910130930743e-18,2.7805774481716473e-18,0.020612021845494,0.0952504588689394,0.4119599954696073,0.3151967067054426,0.0937615013822013,0.0500488777422601,0.0131704379860543,0.020612021845494002
2021-11-30,STRESS,dynamic,0.6,24,2021-10-31,2021-11-01,0.0060606754353109,0.102926526029158,0.0441041255415969,0.0053608401217036,0.0005994479395005,0.2384782036353961,0.0221650796031243,0.1093606902857922,0.0090650896372121,4.865504504555104e-18,0.3061316170682305,0.0579727556235117,0.0045220700282984,0.0312666757303912,0.0500488777422601,0.003430589967961,0.0055046181685598,0.0042352298495335,0.0150754357088842,0.0129898476074308,0.0044922998558285,0.0440190727772486,0.0011669724888898,0.0093984387731512,1.9054910130930743e-18,2.7805774481716473e-18,0.020612021845494,0.0952504588689394,0.4119599954696073,0.3151967067054426,0.0937615013822013,0.0500488777422601,0.0131704379860543,0.020612021845494002
2021-12-31,NORMAL,dynamic,0.6,24,2021-11-30,2021-12-01,0.0060463709836842,0.102926526029158,0.0441041255415969,0.0053608401217036,0.0005994479395005,0.2384782036353961,0.0221650796031243,0.1093606902857922,0.0090650896372121,4.865504504555104e-18,0.3061316170682305,0.0579727556235117,0.0045220700282984,0.0312666757303912,0.0500488777422601,0.003430589967961,0.0055046181685598,0.0042352298495335,0.0150754357088842,0.0129898476074308,0.0044922998558285,0.0440190727772486,0.0011669724888898,0.0093984387731512,1.9054910130930743e-18,2.7805774481716473e-18,0.020612021845494,0.0952504588689394,0.4119599954696073,0.3151967067054426,0.0937615013822013,0.0500488777422601,0.0131704379860543,0.020612021845494002
2022-01-31,NORMAL,dynamic,0.6,24,2021-12-31,2022-01-03,0.0060366184700499,0.102926526029158,0.0471493802318813,0.001342897939767,4.516142455293617e-18,0.2414925712510279,0.0207354658747025,0.1069732372841787,0.005461439986592,1.9075360245525372e-19,0.304541237983027,0.047531383140758,2.1046180919484442e-18,0.0266549861936771,0.0518849593825138,0.0035044620632617,0.0057550983400545,0.0004891072694247,0.0157690464742715,0.0115087851783303,0.0074986887878867,0.0588424743912508,9.620771448066149e-19,0.0089962159938651,0.0105963532091388,0.0,0.0232722090243898,0.10733475256289911,0.41297401084426266,0.310002677969619,0.08478272254357389,0.0518849593825138,0.0097486676727409,0.0232722090243898
2022-02-28,STRESS,dynamic,0.6,24,2022-01-31,2022-02-01,0.0060257457703629,0.102926526029158,0.048880064398396,0.0004949879098858,3.757465486208465e-18,0.2432337847237439,0.019416837216685,0.1037953453651255,0.000228948803098,0.0007900296159824,0.3025071976046387,0.0552765127397452,7.703898792650615e-18,0.0046712126390183,0.0522622862138906,0.0034739697639145,0.0046022821751976,5.158276182160654e-19,0.0135393782075218,0.0107135832385519,0.009448172394639,0.0715211858351087,0.0018496798092221,0.0082882378506823,0.0186078067449046,2.4017391508963892e-18,0.0263984967500472,0.12274591795261261,0.40843533899694945,0.30352617602371906,0.07855553212366811,0.0522622862138906,0.0080762519391121,0.026398496750047202
2022-03-31,NORMAL,dynamic,0.6,24,2022-02-28,2022-03-01,0.0060211097037258,0.102926526029158,0.048880064398396,0.0004949879098858,3.757465486208465e-18,0.2432337847237439,0.019416837216685,0.1037953453651255,0.000228948803098,0.0007900296159824,0.3025071976046387,0.0552765127397452,7.703898792650615e-18,0.0046712126390183,0.0522622862138906,0.0034739697639145,0.0046022821751976,5.158276182160654e-19,0.0135393782075218,0.0107135832385519,0.009448172394639,0.0715211858351087,0.0018496798092221,0.0082882378506823,0.0186078067449046,2.4017391508963892e-18,0.0263984967500472,0.12274591795261261,0.40843533899694945,0.30352617602371906,0.07855553212366811,0.0522622862138906,0.0080762519391121,0.026398496750047202
2022-04-29,STRESS,dynamic,0.6,24,2022-03-31,2022-04-01,0.0060107643584703,0.102926526029158,0.048880064398396,0.0004949879098858,3.757465486208465e-18,0.2432337847237439,0.019416837216685,0.1037953453651255,0.000228948803098,0.0007900296159824,0.3025071976046387,0.0552765127397452,7.703898792650615e-18,0.0046712126390183,0.0522622862138906,0.0034739697639145,0.0046022821751976,5.158276182160654e-19,0.0135393782075218,0.0107135832385519,0.009448172394639,0.0715211858351087,0.0018496798092221,0.0082882378506823,0.0186078067449046,2.4017391508963892e-18,0.0263984967500472,0.12274591795261261,0.40843533899694945,0.30352617602371906,0.07855553212366811,0.0522622862138906,0.0080762519391121,0.026398496750047202
2022-05-31,STRESS,dynamic,0.6,24,2022-04-30,2022-05-02,0.0059972790960176,0.102926526029158,0.048880064398396,0.0004949879098858,3.757465486208465e-18,0.2432337847237439,0.019416837216685,0.1037953453651255,0.000228948803098,0.0007900296159824,0.3025071976046387,0.0552765127397452,7.703898792650615e-18,0.0046712126390183,0.0522622862138906,0.0034739697639145,0.0046022821751976,5.158276182160654e-19,0.0135393782075218,0.0107135832385519,0.009448172394639,0.0715211858351087,0.0018496798092221,0.0082882378506823,0.0186078067449046,2.4017391508963892e-18,0.0263984967500472,0.12274591795261261,0.40843533899694945,0.30352617602371906,0.07855553212366811,0.0522622862138906,0.0080762519391121,0.026398496750047202
2022-06-30,STRESS,dynamic,0.6,24,2022-05-31,2022-06-01,0.005984014156322,0.102926526029158,0.048880064398396,0.0004949879098858,3.757465486208465e-18,0.2432337847237439,0.019416837216685,0.1037953453651255,0.000228948803098,0.0007900296159824,0.3025071976046387,0.0552765127397452,7.703898792650615e-18,0.0046712126390183,0.0522622862138906,0.0034739697639145,0.0046022821751976,5.158276182160654e-19,0.0135393782075218,0.0107135832385519,0.009448172394639,0.0715211858351087,0.0018496798092221,0.0082882378506823,0.0186078067449046,2.4017391508963892e-18,0.0263984967500472,0.12274591795261261,0.40843533899694945,0.30352617602371906,0.07855553212366811,0.0522622862138906,0.0080762519391121,0.026398496750047202
2022-07-29,NORMAL,dynamic,0.6,24,2022-06-30,2022-07-01,0.0059710387032051,0.102926526029158,0.0434623888183175,0.0020115550363953,5.0645793711908386e-18,0.2383224976322961,0.0176786380078768,0.099856429595448,1.1073286587540428e-17,1.3505287156003537e-18,0.2986517523848812,0.0672065726048999,5.6663829545213545e-18,1.549081313288936e-17,0.0519728706866493,2.0857527046169207e-05,4.368854203013645e-18,5.207132595160857e-19,0.0145794520014417,0.0075624307277684,0.009504729646109,0.0790375432330964,0.0027213653858172,0.0057292521280118,0.0300441985237045,0.0056323043294155,0.0260051617308247,0.1272328524736264,0.39323342973895176,0.2986517523848812,0.09725077112860442,0.0519728706866493,2.0857527046174096e-05,0.031637466060240205
2022-08-31,STRESS,dynamic,0.6,24,2022-07-31,2022-08-01,0.0059640799802179,0.102926526029158,0.0368434127085726,0.0,0.0,0.2372224618670735,0.0171407115070586,0.0967632971468379,1.4247729447527772e-17,3.5798656375620935e-18,0.2952405336531959,0.1042777178837152,1.5447326624186874e-17,0.0,0.0499274755488606,1.6196381682245494e-17,7.890902481496594e-18,0.0,0.0158063224839514,0.0035266992934313,0.0094368704870243,0.0755629761655789,2.5818093627903112e-18,0.0028568047202149,0.0317461799567049,0.0003945451800157,0.0232539913977637,0.1124063888741515,0.3827531675055919,0.2952405336531959,0.13602389784042013,0.0499274755488606,2.4087284163742088e-17,0.0236485365777794
2022-09-30,STRESS,dynamic,0.6,24,2022-08-31,2022-09-01,0.005952533843649,0.102926526029158,0.031851047346445,0.0022884077495396,0.0,0.2345936274889274,0.0197883268212879,0.0908901111892956,0.0,1.0399248331301278e-17,0.2960587329026179,0.1307745532209783,5.125193221852614e-18,0.0,0.0539352077407929,1.3047483761268429e-17,7.16993405439723e-18,1.1782228296307318e-18,0.0163723262155733,0.0055427207833305,0.007906106619685,0.0601482441759334,3.1679032227310833e-18,0.0010662607478572,0.0329053645985365,4.4498875884004676e-18,0.0158789623991987,0.094287699271918,0.37615947986595694,0.2960587329026179,0.1636799178195148,0.0539352077407929,2.139564064529639e-17,0.015878962399198702
2022-10-31,STRESS,dynamic,0.6,24,2022-09-30,2022-10-03,0.0059457806873736,0.102926526029158,0.031851047346445,0.0022884077495396,0.0,0.2345936274889274,0.0197883268212879,0.0908901111892956,0.0,1.0399248331301278e-17,0.2960587329026179,0.1307745532209783,5.125193221852614e-18,0.0,0.0539352077407929,1.3047483761268429e-17,7.16993405439723e-18,1.1782228296307318e-18,0.0163723262155733,0.0055427207833305,0.007906106619685,0.0601482441759334,3.1679032227310833e-18,0.0010662607478572,0.0329053645985365,4.4498875884004676e-18,0.0158789623991987,0.094287699271918,0.37615947986595694,0.2960587329026179,0.1636799178195148,0.0539352077407929,2.139564064529639e-17,0.015878962399198702
2022-11-30,NORMAL,dynamic,0.6,24,2022-10-31,2022-11-01,0.0059371609149031,0.102926526029158,0.031851047346445,0.0022884077495396,0.0,0.2345936274889274,0.0197883268212879,0.0908901111892956,0.0,1.0399248331301278e-17,0.2960587329026179,0.1307745532209783,5.125193221852614e-18,0.0,0.0539352077407929,1.3047483761268429e-17,7.16993405439723e-18,1.1782228296307318e-18,0.0163723262155733,0.0055427207833305,0.007906106619685,0.0601482441759334,3.1679032227310833e-18,0.0010662607478572,0.0329053645985365,4.4498875884004676e-18,0.0158789623991987,0.094287699271918,0.37615947986595694,0.2960587329026179,0.1636799178195148,0.0539352077407929,2.139564064529639e-17,0.015878962399198702
2022-12-30,NORMAL,dynamic,0.6,24,2022-11-30,2022-12-01,0.0059263952049776,0.102926526029158,0.031851047346445,0.0022884077495396,0.0,0.2345936274889274,0.0197883268212879,0.0908901111892956,0.0,1.0399248331301278e-17,0.2960587329026179,0.1307745532209783,5.125193221852614e-18,0.0,0.0539352077407929,1.3047483761268429e-17,7.16993405439723e-18,1.1782228296307318e-18,0.0163723262155733,0.0055427207833305,0.007906106619685,0.0601482441759334,3.1679032227310833e-18,0.0010662607478572,0.0329053645985365,4.4498875884004676e-18,0.0158789623991987,0.094287699271918,0.37615947986595694,0.2960587329026179,0.1636799178195148,0.0539352077407929,2.139564064529639e-17,0.015878962399198702
2023-01-31,NORMAL,dynamic,0.6,24,2022-12-31,2023-01-02,0.0059200204716473,0.102926526029158,0.031851047346445,0.0022884077495396,0.0,0.2345936274889274,0.0197883268212879,0.0908901111892956,0.0,1.0399248331301278e-17,0.2960587329026179,0.1307745532209783,5.125193221852614e-18,0.0,0.0539352077407929,1.3047483761268429e-17,7.16993405439723e-18,1.1782228296307318e-18,0.0163723262155733,0.0055427207833305,0.007906106619685,0.0601482441759334,3.1679032227310833e-18,0.0010662607478572,0.0329053645985365,4.4498875884004676e-18,0.0158789623991987,0.094287699271918,0.37615947986595694,0.2960587329026179,0.1636799178195148,0.0539352077407929,2.139564064529639e-17,0.015878962399198702
2023-02-28,NORMAL,dynamic,0.6,24,2023-01-31,2023-02-01,0.00590950171275,0.102926526029158,0.0279367183268153,0.008269367401714,1.4278478334991698e-17,0.2385501735405014,0.0200738822572618,0.0843446885642209,0.0,0.0,0.2949704253323421,0.1500211426478477,8.799233957440446e-18,6.920454155793361e-17,0.050931128098235,0.0,1.390692838632101e-17,2.6584568480835816e-18,0.0148702986418294,0.0,0.0070351017282951,0.051682838696505,0.0105303488291888,1.4329816400876105e-18,0.0261017857288968,0.0,0.0146821002063462,0.09841927325422312,0.3648741447321086,0.2949704253323421,0.17612292837674454,0.050931128098235,1.656538523440459e-17,0.0146821002063462
2023-03-31,NORMAL,dynamic,0.6,24,2023-02-28,2023-03-01,0.0059069457976109,0.102926526029158,0.0279367183268153,0.008269367401714,1.4278478334991698e-17,0.2385501735405014,0.0200738822572618,0.0843446885642209,0.0,0.0,0.2949704253323421,0.1500211426478477,8.799233957440446e-18,6.920454155793361e-17,0.050931128098235,0.0,1.390692838632101e-17,2.6584568480835816e-18,0.0148702986418294,0.0,0.0070351017282951,0.051682838696505,0.0105303488291888,1.4329816400876105e-18,0.0261017857288968,0.0,0.0146821002063462,0.09841927325422312,0.3648741447321086,0.2949704253323421,0.17612292837674454,0.050931128098235,1.656538523440459e-17,0.0146821002063462
2023-04-28,NORMAL,dynamic,0.6,24,2023-03-31,2023-04-03,0.0058951093443856,0.102926526029158,0.0262787334701325,0.0134586281771875,9.644481931101248e-18,0.2394264725343479,0.0226433032016956,0.083321386825941,1.21481807419857e-18,1.3298384150985748e-18,0.2936801439072051,0.1165130587872671,6.358457291451211e-18,0.0007208493280846,0.053745571408455,0.0002449638809927,6.2479039371778955e-18,0.0012236164469321,0.0221068098981414,5.662490578200714e-19,0.0045147562585214,0.0528237938893314,0.0168287032055419,0.0002432193207771,0.0329427637945905,0.0027608281136009,0.0165223975512533,0.10938985874219331,0.37225594803942436,0.2936801439072051,0.1501766719099422,0.053745571408455,0.0014685803279248062,0.0192832256648542
2023-05-31,NORMAL,dynamic,0.6,24,2023-04-30,2023-05-01,0.0058839088555644,0.102926526029158,0.0259294041281939,0.0164059003245524,3.5702821376656455e-18,0.2391214688925516,0.020991525767898,0.0803272044800405,2.0980282183973697e-18,4.231711158308955e-18,0.2937699393905175,0.086262157804341,2.0923296661090536e-18,0.0050376907587368,0.0551202891320891,6.775291604775385e-19,3.6857919524724626e-18,0.0018047335168518,0.0268671953957869,0.0005595094678426,0.0005541337711617,0.0618012054741496,0.0192810536717901,2.55989395562296e-18,0.0416637592786562,0.0070988047185075,0.0174040240263321,0.12341756359868601,0.3684210377752813,0.2937699393905175,0.132963607841734,0.0551202891320891,0.0018047335168518044,0.0245028287448396
2023-06-30,CALM,dynamic,0.6,24,2023-05-31,2023-06-01,0.0058811424729345,0.102926526029158,0.0259294041281939,0.0164059003245524,3.5702821376656455e-18,0.2391214688925516,0.020991525767898,0.0803272044800405,2.0980282183973697e-18,4.231711158308955e-18,0.2937699393905175,0.086262157804341,2.0923296661090536e-18,0.0050376907587368,0.0551202891320891,6.775291604775385e-19,3.6857919524724626e-18,0.0018047335168518,0.0268671953957869,0.0005595094678426,0.0005541337711617,0.0618012054741496,0.0192810536717901,2.55989395562296e-18,0.0416637592786562,0.0070988047185075,0.0174040240263321,0.12341756359868601,0.3684210377752813,0.2937699393905175,0.132963607841734,0.0551202891320891,0.0018047335168518044,0.0245028287448396
2023-07-31,CALM,dynamic,0.6,24,2023-06-30,2023-07-03,0.005869216579657,0.102926526029158,0.0259294041281939,0.0164059003245524,3.5702821376656455e-18,0.2391214688925516,0.020991525767898,0.0803272044800405,2.0980282183973697e-18,4.231711158308955e-18,0.2937699393905175,0.086262157804341,2.0923296661090536e-18,0.0050376907587368,0.0551202891320891,6.775291604775385e-19,3.6857919524724626e-18,0.0018047335168518,0.0268671953957869,0.0005595094678426,0.0005541337711617,0.0618012054741496,0.0192810536717901,2.55989395562296e-18,0.0416637592786562,0.0070988047185075,0.0174040240263321,0.12341756359868601,0.3684210377752813,0.2937699393905175,0.132963607841734,0.0551202891320891,0.0018047335168518044,0.0245028287448396
2023-08-31,CALM,dynamic,0.6,24,2023-07-31,2023-08-01,0.0058575998192118,0.102926526029158,0.0259294041281939,0.0164059003245524,3.5702821376656455e-18,0.2391214688925516,0.020991525767898,0.0803272044800405,2.0980282183973697e-18,4.231711158308955e-18,0.2937699393905175,0.086262157804341,2.0923296661090536e-18,0.0050376907587368,0.0551202891320891,6.775291604775385e-19,3.6857919524724626e-18,0.0018047335168518,0.0268671953957869,0.0005595094678426,0.0005541337711617,0.0618012054741496,0.0192810536717901,2.55989395562296e-18,0.0416637592786562,0.0070988047185075,0.0174040240263321,0.12341756359868601,0.3684210377752813,0.2937699393905175,0.132963607841734,0.0551202891320891,0.0018047335168518044,0.0245028287448396
2023-09-29,NORMAL,dynamic,0.6,24,2023-08-31,2023-09-01,0.0058451773060991,0.102926526029158,0.0259294041281939,0.0164059003245524,3.5702821376656455e-18,0.2391214688925516,0.020991525767898,0.0803272044800405,2.0980282183973697e-18,4.231711158308955e-18,0.2937699393905175,0.086262157804341,2.0923296661090536e-18,0.0050376907587368,0.0551202891320891,6.775291604775385e-19,3.6857919524724626e-18,0.0018047335168518,0.0268671953957869,0.0005595094678426,0.0005541337711617,0.0618012054741496,0.0192810536717901,2.55989395562296e-18,0.0416637592786562,0.0070988047185075,0.0174040240263321,0.12341756359868601,0.3684210377752813,0.2937699393905175,0.132963607841734,0.0551202891320891,0.0018047335168518044,0.0245028287448396
2023-10-31,NORMAL,dynamic,0.6,24,2023-09-30,2023-10-02,0.0058348393829741,0.102926526029158,0.0259294041281939,0.0164059003245524,3.5702821376656455e-18,0.2391214688925516,0.020991525767898,0.0803272044800405,2.0980282183973697e-18,4.231711158308955e-18,0.2937699393905175,0.086262157804341,2.0923296661090536e-18,0.0050376907587368,0.0551202891320891,6.775291604775385e-19,3.6857919524724626e-18,0.0018047335168518,0.0268671953957869,0.0005595094678426,0.0005541337711617,0.0618012054741496,0.0192810536717901,2.55989395562296e-18,0.0416637592786562,0.0070988047185075,0.0174040240263321,0.12341756359868601,0.3684210377752813,0.2937699393905175,0.132963607841734,0.0551202891320891,0.0018047335168518044,0.0245028287448396
2023-11-30,CALM,dynamic,0.6,24,2023-10-31,2023-11-01,0.0058298006071961,0.102926526029158,0.0259294041281939,0.0164059003245524,3.5702821376656455e-18,0.2391214688925516,0.020991525767898,0.0803272044800405,2.0980282183973697e-18,4.231711158308955e-18,0.2937699393905175,0.086262157804341,2.0923296661090536e-18,0.0050376907587368,0.0551202891320891,6.775291604775385e-19,3.6857919524724626e-18,0.0018047335168518,0.0268671953957869,0.0005595094678426,0.0005541337711617,0.0618012054741496,0.0192810536717901,2.55989395562296e-18,0.0416637592786562,0.0070988047185075,0.0174040240263321,0.12341756359868601,0.3684210377752813,0.2937699393905175,0.132963607841734,0.0551202891320891,0.0018047335168518044,0.0245028287448396
2023-12-29,CALM,dynamic,0.6,24,2023-11-30,2023-12-01,0.0058191529679856,0.102926526029158,0.0296064587292064,0.0195383400550742,8.6440884306172085e-19,0.2443736374210726,0.0182469577775394,0.0796776687346822,0.0015267666410688,0.0055716782013586,0.2889596036879856,0.0598562844574918,0.0001345182425748,0.0165129127550051,0.0541268636098288,2.9770521170465682e-18,1.9283923350242057e-18,0.0043699082292507,0.0279648165974662,0.0029076974788458,0.0010404315965731,0.0587666790541716,0.021212928391191,0.0001786865254385,0.0403020259414034,0.0073731340135182,0.0177520018592524,0.1291244062296432,0.3743898961316177,0.296058048530413,0.1168057413964751,0.0541268636098288,0.004369908229250705,0.0251251358727706
2024-01-31,CALM,dynamic,0.6,24,2023-12-31,2024-01-01,0.0058189692471288,0.102926526029158,0.0296064587292064,0.0195383400550742,8.6440884306172085e-19,0.2443736374210726,0.0182469577775394,0.0796776687346822,0.0015267666410688,0.0055716782013586,0.2889596036879856,0.0598562844574918,0.0001345182425748,0.0165129127550051,0.0541268636098288,2.9770521170465682e-18,1.9283923350242057e-18,0.0043699082292507,0.0279648165974662,0.0029076974788458,0.0010404315965731,0.0587666790541716,0.021212928391191,0.0001786865254385,0.0403020259414034,0.0073731340135182,0.0177520018592524,0.1291244062296432,0.3743898961316177,0.296058048530413,0.1168057413964751,0.0541268636098288,0.004369908229250705,0.0251251358727706
2024-02-29,CALM,dynamic,0.6,24,2024-01-31,2024-02-01,0.0058300225808376,0.102926526029158,0.0296064587292064,0.0195383400550742,8.6440884306172085e-19,0.2443736374210726,0.0182469577775394,0.0796776687346822,0.0015267666410688,0.0055716782013586,0.2889596036879856,0.0598562844574918,0.0001345182425748,0.0165129127550051,0.0541268636098288,2.9770521170465682e-18,1.9283923350242057e-18,0.0043699082292507,0.0279648165974662,0.0029076974788458,0.0010404315965731,0.0587666790541716,0.021212928391191,0.0001786865254385,0.0403020259414034,0.0073731340135182,0.0177520018592524,0.1291244062296432,0.3743898961316177,0.296058048530413,0.1168057413964751,0.0541268636098288,0.004369908229250705,0.0251251358727706
2024-03-28,CALM,dynamic,0.6,24,2024-02-29,2024-03-01,0.0058191071558328,0.102926526029158,0.0296064587292064,0.0195383400550742,8.6440884306172085e-19,0.2443736374210726,0.0182469577775394,0.0796776687346822,0.0015267666410688,0.0055716782013586,0.2889596036879856,0.0598562844574918,0.0001345182425748,0.0165129127550051,0.0541268636098288,2.9770521170465682e-18,1.9283923350242057e-18,0.0043699082292507,0.0279648165974662,0.0029076974788458,0.0010404315965731,0.0587666790541716,0.021212928391191,0.0001786865254385,0.0403020259414034,0.0073731340135182,0.0177520018592524,0.1291244062296432,0.3743898961316177,0.296058048530413,0.1168057413964751,0.0541268636098288,0.004369908229250705,0.0251251358727706
2024-04-30,NORMAL,dynamic,0.6,24,2024-03-31,2024-04-01,0.0058071773173167,0.102926526029158,0.0296064587292064,0.0195383400550742,8.6440884306172085e-19,0.2443736374210726,0.0182469577775394,0.0796776687346822,0.0015267666410688,0.0055716782013586,0.2889596036879856,0.0598562844574918,0.0001345182425748,0.0165129127550051,0.0541268636098288,2.9770521170465682e-18,1.9283923350242057e-18,0.0043699082292507,0.0279648165974662,0.0029076974788458,0.0010404315965731,0.0587666790541716,0.021212928391191,0.0001786865254385,0.0403020259414034,0.0073731340135182,0.0177520018592524,0.1291244062296432,0.3743898961316177,0.296058048530413,0.1168057413964751,0.0541268636098288,0.004369908229250705,0.0251251358727706
2024-05-31,CALM,dynamic,0.6,24,2024-04-30,2024-05-01,0.0057953737520252,0.102926526029158,0.0296064587292064,0.0195383400550742,8.6440884306172085e-19,0.2443736374210726,0.0182469577775394,0.0796776687346822,0.0015267666410688,0.0055716782013586,0.2889596036879856,0.0598562844574918,0.0001345182425748,0.0165129127550051,0.0541268636098288,2.9770521170465682e-18,1.9283923350242057e-18,0.0043699082292507,0.0279648165974662,0.0029076974788458,0.0010404315965731,0.0587666790541716,0.021212928391191,0.0001786865254385,0.0403020259414034,0.0073731340135182,0.0177520018592524,0.1291244062296432,0.3743898961316177,0.296058048530413,0.1168057413964751,0.0541268636098288,0.004369908229250705,0.0251251358727706
2024-06-28,CALM,dynamic,0.6,24,2024-05-31,2024-06-03,0.005785405978458,0.102926526029158,0.0296064587292064,0.0195383400550742,8.6440884306172085e-19,0.2443736374210726,0.0182469577775394,0.0796776687346822,0.0015267666410688,0.0055716782013586,0.2889596036879856,0.0598562844574918,0.0001345182425748,0.0165129127550051,0.0541268636098288,2.9770521170465682e-18,1.9283923350242057e-18,0.0043699082292507,0.0279648165974662,0.0029076974788458,0.0010404315965731,0.0587666790541716,0.021212928391191,0.0001786865254385,0.0403020259414034,0.0073731340135182,0.0177520018592524,0.1291244062296432,0.3743898961316177,0.296058048530413,0.1168057413964751,0.0541268636098288,0.004369908229250705,0.0251251358727706
2024-07-31,NORMAL,dynamic,0.6,24,2024-06-30,2024-07-01,0.005774977872815,0.102926526029158,0.0296064587292064,0.0195383400550742,8.6440884306172085e-19,0.2443736374210726,0.0182469577775394,0.0796776687346822,0.0015267666410688,0.0055716782013586,0.2889596036879856,0.0598562844574918,0.0001345182425748,0.0165129127550051,0.0541268636098288,2.9770521170465682e-18,1.9283923350242057e-18,0.0043699082292507,0.0279648165974662,0.0029076974788458,0.0010404315965731,0.0587666790541716,0.021212928391191,0.0001786865254385,0.0403020259414034,0.0073731340135182,0.0177520018592524,0.1291244062296432,0.3743898961316177,0.296058048530413,0.1168057413964751,0.0541268636098288,0.004369908229250705,0.0251251358727706
2024-08-30,CALM,dynamic,0.6,24,2024-07-31,2024-08-01,0.0057662786848855,0.102926526029158,0.0296064587292064,0.0195383400550742,8.6440884306172085e-19,0.2443736374210726,0.0182469577775394,0.0796776687346822,0.0015267666410688,0.0055716782013586,0.2889596036879856,0.0598562844574918,0.0001345182425748,0.0165129127550051,0.0541268636098288,2.9770521170465682e-18,1.9283923350242057e-18,0.0043699082292507,0.0279648165974662,0.0029076974788458,0.0010404315965731,0.0587666790541716,0.021212928391191,0.0001786865254385,0.0403020259414034,0.0073731340135182,0.0177520018592524,0.1291244062296432,0.3743898961316177,0.296058048530413,0.1168057413964751,0.0541268636098288,0.004369908229250705,0.0251251358727706
2024-09-30,NORMAL,dynamic,0.6,24,2024-08-31,2024-09-02,0.0057566103146029,0.102926526029158,0.0296064587292064,0.0195383400550742,8.6440884306172085e-19,0.2443736374210726,0.0182469577775394,0.0796776687346822,0.0015267666410688,0.0055716782013586,0.2889596036879856,0.0598562844574918,0.0001345182425748,0.0165129127550051,0.0541268636098288,2.9770521170465682e-18,1.9283923350242057e-18,0.0043699082292507,0.0279648165974662,0.0029076974788458,0.0010404315965731,0.0587666790541716,0.021212928391191,0.0001786865254385,0.0403020259414034,0.0073731340135182,0.0177520018592524,0.1291244062296432,0.3743898961316177,0.296058048530413,0.1168057413964751,0.0541268636098288,0.004369908229250705,0.0251251358727706
2024-10-31,NORMAL,dynamic,0.6,24,2024-09-30,2024-10-01,0.0057451873273713,0.102926526029158,0.0296064587292064,0.0195383400550742,8.6440884306172085e-19,0.2443736374210726,0.0182469577775394,0.0796776687346822,0.0015267666410688,0.0055716782013586,0.2889596036879856,0.0598562844574918,0.0001345182425748,0.0165129127550051,0.0541268636098288,2.9770521170465682e-18,1.9283923350242057e-18,0.0043699082292507,0.0279648165974662,0.0029076974788458,0.0010404315965731,0.0587666790541716,0.021212928391191,0.0001786865254385,0.0403020259414034,0.0073731340135182,0.0177520018592524,0.1291244062296432,0.3743898961316177,0.296058048530413,0.1168057413964751,0.0541268636098288,0.004369908229250705,0.0251251358727706
2024-11-29,CALM,dynamic,0.6,24,2024-10-31,2024-11-01,0.0057337861677315,0.102926526029158,0.0294082717166844,0.0212195928141633,6.824821106587245e-18,0.2483176597514108,0.0206649457652059,0.0791932278772316,0.0012512606102558,0.0040109111786947,0.2911831342809294,0.0355101527137303,0.0008694230155488,0.0354293904882202,0.0513152105259779,0.002623053401206,0.0,0.0053117016586471,0.0276048731448785,0.0041804589026445,0.0027599573580582,0.0488433124790795,0.0211729264538618,0.0009712566530639,0.0414757835006684,0.0081551593722962,0.0185283363375416,0.12064410346378901,0.38369237945249335,0.2964453060698799,0.1132847497181677,0.0513152105259779,0.0079347550598531,0.0266834957098378
2024-12-31,NORMAL,dynamic,0.6,24,2024-11-30,2024-12-02,0.0057243690785785,0.102926526029158,0.0294082717166844,0.0212195928141633,6.824821106587245e-18,0.2483176597514108,0.0206649457652059,0.0791932278772316,0.0012512606102558,0.0040109111786947,0.2911831342809294,0.0355101527137303,0.0008694230155488,0.0354293904882202,0.0513152105259779,0.002623053401206,0.0,0.0053117016586471,0.0276048731448785,0.0041804589026445,0.0027599573580582,0.0488433124790795,0.0211729264538618,0.0009712566530639,0.0414757835006684,0.0081551593722962,0.0185283363375416,0.12064410346378901,0.38369237945249335,0.2964453060698799,0.1132847497181677,0.0513152105259779,0.0079347550598531,0.0266834957098378
2025-01-31,NORMAL,dynamic,0.6,24,2024-12-31,2025-01-01,0.0057198894316456,0.102926526029158,0.0294082717166844,0.0212195928141633,6.824821106587245e-18,0.2483176597514108,0.0206649457652059,0.0791932278772316,0.0012512606102558,0.0040109111786947,0.2911831342809294,0.0355101527137303,0.0008694230155488,0.0354293904882202,0.0513152105259779,0.002623053401206,0.0,0.0053117016586471,0.0276048731448785,0.0041804589026445,0.0027599573580582,0.0488433124790795,0.0211729264538618,0.0009712566530639,0.0414757835006684,0.0081551593722962,0.0185283363375416,0.12064410346378901,0.38369237945249335,0.2964453060698799,0.1132847497181677,0.0513152105259779,0.0079347550598531,0.0266834957098378
2025-02-28,NORMAL,dynamic,0.6,24,2025-01-31,2025-02-03,0.0057292588034492,0.102926526029158,0.0294082717166844,0.0212195928141633,6.824821106587245e-18,0.2483176597514108,0.0206649457652059,0.0791932278772316,0.0012512606102558,0.0040109111786947,0.2911831342809294,0.0355101527137303,0.0008694230155488,0.0354293904882202,0.0513152105259779,0.002623053401206,0.0,0.0053117016586471,0.0276048731448785,0.0041804589026445,0.0027599573580582,0.0488433124790795,0.0211729264538618,0.0009712566530639,0.0414757835006684,0.0081551593722962,0.0185283363375416,0.12064410346378901,0.38369237945249335,0.2964453060698799,0.1132847497181677,0.0513152105259779,0.0079347550598531,0.0266834957098378
2025-03-31,NORMAL,dynamic,0.6,24,2025-02-28,2025-03-03,0.0057183220460337,0.102926526029158,0.0294082717166844,0.0212195928141633,6.824821106587245e-18,0.2483176597514108,0.0206649457652059,0.0791932278772316,0.0012512606102558,0.0040109111786947,0.2911831342809294,0.0355101527137303,0.0008694230155488,0.0354293904882202,0.0513152105259779,0.002623053401206,0.0,0.0053117016586471,0.0276048731448785,0.0041804589026445,0.0027599573580582,0.0488433124790795,0.0211729264538618,0.0009712566530639,0.0414757835006684,0.0081551593722962,0.0185283363375416,0.12064410346378901,0.38369237945249335,0.2964453060698799,0.1132847497181677,0.0513152105259779,0.0079347550598531,0.0266834957098378
2025-04-30,NORMAL,dynamic,0.6,24,2025-03-31,2025-04-01,0.0057105815172395,0.102926526029158,0.0282943367969318,0.0222382316389386,0.0013435714706928,0.2481024154783749,0.0217783583712924,0.0809884376519385,0.0001719314533348,0.0045173196959052,0.2914562799518171,0.0582571444727363,6.9372112786129155e-18,0.0043674312281011,0.0492619422501634,0.0041057940147899,1.1353674433019789e-18,0.0055350893492364,0.0267124620377268,0.0033496386022181,0.0013051977474928,0.0506630087181772,0.0224448698993161,0.000836973732162,0.047880633415624,0.0080121941695353,0.0183767378534933,0.1249840185240565,0.3830734836212055,0.2961455311010571,0.1105052091164614,0.0492619422501634,0.009640883364026302,0.0263889320230286
2025-05-30,NORMAL,dynamic,0.6,24,2025-04-30,2025-05-01,0.005714107790726,0.102926526029158,0.0282943367969318,0.0222382316389386,0.0013435714706928,0.2481024154783749,0.0217783583712924,0.0809884376519385,0.0001719314533348,0.0045173196959052,0.2914562799518172,0.0582571444727363,6.9372112786129155e-18,0.0043674312281011,0.0492619422501634,0.0041057940147899,1.135367443301979e-18,0.0055350893492364,0.0267124620377268,0.0033496386022181,0.0013051977474928,0.0506630087181771,0.0224448698993161,0.000836973732162,0.047880633415624,0.0080121941695353,0.0183767378534933,0.1249840185240564,0.3830734836212055,0.29614553110105724,0.1105052091164614,0.0492619422501634,0.009640883364026302,0.0263889320230286
2025-06-30,NORMAL,dynamic,0.6,24,2025-05-31,2025-06-02,0.0057039932581126,0.102926526029158,0.025512637881355,0.020305252404691,0.0,0.2459842428143651,0.020698233095826,0.0802637440060521,9.337929333415165e-19,0.0023624014359564,0.289387615245101,0.0976432856838736,0.0,1.11976409319115e-16,0.048135419081927,0.0047196508611717,1.3445522624851341e-17,0.0046934785968021,0.025583886531638,0.0,1.6719456095666445e-17,0.0493738658578526,0.0212339962144451,0.0,0.0423863198509033,0.0056795980439366,0.0160363723941025,0.11642575235834371,0.3725301064478812,0.2917500166810574,0.140029605534777,0.048135419081927,0.009413129457973814,0.0217159704380391
2025-07-31,NORMAL,dynamic,0.6,24,2025-06-30,2025-07-01,0.0056933086669816,0.102926526029158,0.0235604466463416,0.0173149642735173,0.0,0.2417018854574771,0.0195298591115557,0.0778355189012433,0.0,0.0,0.2859375936439935,0.1371095276216089,0.0,5.162878266616285e-16,0.0472353689472575,0.0052534069330554,0.0,0.0041407561221112,0.0240536850890443,0.0,1.543796384024458e-18,0.0447388784434376,0.0208627088494066,0.0,0.0339931051694872,0.0031929353169727,0.0135393594734889,0.1064769982127031,0.3631209485593204,0.2859375936439935,0.17110263279109664,0.0472353689472575,0.009394163055166601,0.0167322947904616
2025-08-29,NORMAL,dynamic,0.6,24,2025-07-31,2025-08-01,0.0056825318423606,0.102926526029158,0.0225883556553065,0.0129776832136125,6.828832011339561e-18,0.2370953017100458,0.0177948404335687,0.0739585935037699,0.0004650135042557,3.2573429217191393e-18,0.2809440801259317,0.1761135040014299,1.2438166440035986e-18,3.333769737116971e-16,0.047078135855247,0.0057844136322684,4.768439042790977e-18,0.0029808237286984,0.0237880513613984,4.2187115198092074e-18,2.9786026850670573e-18,0.0413949241045784,0.0206205315801123,1.326373215981088e-18,0.0242364244479383,0.0009236842463671,0.0112556388954699,0.09758149455360972,0.35263678700878276,0.2814090936301874,0.20034992844936853,0.047078135855247,0.008765237360966804,0.012179323141837
2025-09-30,NORMAL,dynamic,0.6,24,2025-08-31,2025-09-01,0.0056730852807962,0.102926526029158,0.0224908332815289,0.009623627511024,1.815956630566441e-18,0.2312185182207155,0.0185191414911903,0.0677087816725532,0.0016445754497452,3.3515353785688072e-18,0.2763930536337354,0.2090969024193619,0.0016318760240628,2.4212147320346046e-16,0.0475522000850138,0.0057071742091402,2.7523249297333463e-18,0.0030326764080167,0.0255348945439765,6.2910831742578e-18,4.3139223862042865e-18,0.0381317220325784,0.0218286338548244,0.0,0.0106398633477784,5.657227556834826e-19,0.0092455258147534,0.09207481667995568,0.3429813359284355,0.2780376290834806,0.22136864179120336,0.0475522000850138,0.008739850617156902,0.0092455258147534
2025-10-31,NORMAL,dynamic,0.6,24,2025-09-30,2025-10-01,0.005667096415576,0.102926526029158,0.0224908332815289,0.009623627511024,1.815956630566441e-18,0.2312185182207155,0.0185191414911903,0.0677087816725532,0.0016445754497452,3.3515353785688072e-18,0.2763930536337354,0.2090969024193619,0.0016318760240628,2.4212147320346046e-16,0.0475522000850138,0.0057071742091402,2.7523249297333463e-18,0.0030326764080167,0.0255348945439765,6.2910831742578e-18,4.3139223862042865e-18,0.0381317220325784,0.0218286338548244,0.0,0.0106398633477784,5.657227556834826e-19,0.0092455258147534,0.09207481667995568,0.3429813359284355,0.2780376290834806,0.22136864179120336,0.0475522000850138,0.008739850617156902,0.0092455258147534
2025-11-28,NORMAL,dynamic,0.6,24,2025-10-31,2025-11-03,0.0056591707655542,0.102926526029158,0.0234727626070401,0.0044581408200024,7.885848231990404e-18,0.2325889663817765,0.024535418399985,0.0623584356547145,0.0034891634869515,0.0,0.2737630575237901,0.2040652699196419,0.0222917858934954,6.67140736089079e-17,0.0484344195791438,0.0064556809858701,0.0020159491961876,0.0032199081893796,0.0208391110192887,1.7191770949151876e-18,1.3353029351836154e-18,0.0329314626495753,0.0271215736035134,1.2255973771727273e-18,4.2686327748422425e-18,9.680879131782761e-19,0.0079588940896432,0.0879839396801312,0.3403219314557647,0.2772522210107416,0.22635705581313736,0.0484344195791438,0.011691538371437299,0.007958894089643202
2025-12-31,CALM,dynamic,0.6,24,2025-11-30,2025-12-01,0.0056489173823494,0.102926526029158,0.0269364833502981,3.5791286045764874e-17,8.626745499962112e-18,0.2290106899552016,0.0272438259802033,0.0487539444198946,0.0022707476628993,4.591272843753272e-19,0.269437382172667,0.2073441347974602,0.0412091556681599,0.0,0.0513445098017215,0.0072706454630108,0.0045586082341674,0.0019198694580166,0.0154822424072607,5.498816401926315e-19,6.993387325978279e-18,0.0305958047554836,0.0324854936236956,1.919811209425185e-18,0.0,2.920329266377218e-18,0.0041364622498592,0.09001778172947734,0.3204907027625602,0.2717081298355663,0.24855329046562008,0.0513445098017215,0.0137491231551948,0.004136462249859202
